id	jp	en	source	confidence	notes
16012	参加する	Participate	Client/UIInfoData	high	JP↔EN same record ID
26073	アイテム名６７８９０１２３４５６	Item name６７８９０１２３４５６	Client/UIInfoData	high	JP↔EN same record ID
18012	テイワズ	Tiwaz	Client/UIInfoData	high	JP↔EN same record ID
31046	敵	Enemy	Client/UIInfoData	high	JP↔EN same record ID
31028	対象選択	Targeting	Client/UIInfoData	high	JP↔EN same record ID
21019	ウルズ	Uruz	Client/UIInfoData	high	JP↔EN same record ID
37083	目的３４５６７８９０１２３４５６	Reason３４５６７８９０１２３４５６	Client/UIInfoData	high	JP↔EN same record ID
26000	交換ラインナップ	Barter	Client/UIInfoData	high	JP↔EN same record ID
28052	インドラ	Indra	Client/UIInfoData	high	JP↔EN same record ID
1009	成功率	Success rate	Client/UIInfoData	high	JP↔EN same record ID
23001	アイテム倉庫リスト	Item Depository List	Client/UIInfoData	high	JP↔EN same record ID
18007	仲魔詳細	View Demon Information	Client/UIInfoData	high	JP↔EN same record ID
22073	レンタル悪魔倉庫８	Rental Demon Depot 8	Client/UIInfoData	high	JP↔EN same record ID
31069	破棄	Discard	Client/UIInfoData	high	JP↔EN same record ID
14004	閉じる	Close	Client/UIInfoData	high	JP↔EN same record ID
23053	倉庫５	Depo 5	Client/UIInfoData	high	JP↔EN same record ID
31117	説明	Description	Client/UIInfoData	high	JP↔EN same record ID
15003	取り消す	Cancel	Client/UIInfoData	high	JP↔EN same record ID
37068	場所３４５６７８９０１２３４５６	Location３４５６７８９０１２３４５６	Client/UIInfoData	high	JP↔EN same record ID
22080	レンタル悪魔倉庫９	Rental Demon Depot 9	Client/UIInfoData	high	JP↔EN same record ID
31049	範囲	Area	Client/UIInfoData	high	JP↔EN same record ID
24004	閉じる	Close	Client/UIInfoData	high	JP↔EN same record ID
9046	閉じる	Close	Client/UIInfoData	high	JP↔EN same record ID
32000	引き継ぎ情報	Spiritual Infusion Inheritance Info	Client/UIInfoData	high	JP↔EN same record ID
37041	目的３４５６７８９０１２３４５６	Reason３４５６７８９０１２３４５６	Client/UIInfoData	high	JP↔EN same record ID
17068	ナウシズ	Nauthiz	Client/UIInfoData	high	JP↔EN same record ID
51000	リユニオン変換	Rebirth Conversion	Client/UIInfoData	high	JP↔EN same record ID
18010	リユニオンタイプを&#10;選択してください。	Select a growth type to allocate Mitama towards.	Client/UIInfoData	high	JP↔EN same record ID
20012	テイワズ	Tiwaz	Client/UIInfoData	high	JP↔EN same record ID
31058	GP制限	Grade Points	Client/UIInfoData	high	JP↔EN same record ID
53002	取り出す	Take Out	Client/UIInfoData	high	JP↔EN same record ID
31123	改造スロット	Modification Slots	Client/UIInfoData	high	JP↔EN same record ID
25008	指定なし	Unspecified	Client/UIInfoData	high	JP↔EN same record ID
31052	装備品	Equipment	Client/UIInfoData	high	JP↔EN same record ID
24009	ウィンドウカラー設定	Window Color	Client/UIInfoData	high	JP↔EN same record ID
36008	報告後、ブラックリストに登録する	Register to Blacklist	Client/UIInfoData	high	JP↔EN same record ID
21006	仲魔詳細	Demon Info	Client/UIInfoData	high	JP↔EN same record ID
23032	倉庫２	Depo 2	Client/UIInfoData	high	JP↔EN same record ID
21025	アンサズ	Ansuz	Client/UIInfoData	high	JP↔EN same record ID
26049	アイテム名６７８９０１２３４５６	Item name６７８９０１２３４５６	Client/UIInfoData	high	JP↔EN same record ID
37082	場所３４５６７８９０１２３４５６	Location３４５６７８９０１２３４５６	Client/UIInfoData	high	JP↔EN same record ID
20048	マッカが不足しています	Not enough Macca	Client/UIInfoData	high	JP↔EN same record ID
37086	＜前	<- Previous	Client/UIInfoData	high	JP↔EN same record ID
37056	コメント５６７８９０１２３４５６	Comment５６７８９０１２３４５６	Client/UIInfoData	high	JP↔EN same record ID
35002	対象キャラクターを右クリック後、&#10;「ブラックリストに登録する」を&#10;選択することで、そのキャラクターを&#10;ブラックリストに登録することができます。	"You can add a player to your Blacklist by right-clicking them and choosing ""Add to Blacklist."""	Client/UIInfoData	high	JP↔EN same record ID
20018	エイワズ	Eihwaz	Client/UIInfoData	high	JP↔EN same record ID
30040	取得する	Acquire	Client/UIInfoData	high	JP↔EN same record ID
52000	リユニオン変換	Confirm Rebirth Conversion	Client/UIInfoData	high	JP↔EN same record ID
21023	ラグズ	Laguz	Client/UIInfoData	high	JP↔EN same record ID
21007	閉じる	Close	Client/UIInfoData	high	JP↔EN same record ID
43002	通常デジタライズ,特殊デジタライズ	Normal Digitalizations,Special Digitalizations	Client/UIInfoData	high	JP↔EN same record ID
30049	取得する	Acquire	Client/UIInfoData	high	JP↔EN same record ID
31134	物霊合体	Spiritual Infusion	Client/UIInfoData	high	JP↔EN same record ID
37023	自由募集	Free Recruit	Client/UIInfoData	high	JP↔EN same record ID
30020	コンプリート数	Quests Completed	Client/UIInfoData	high	JP↔EN same record ID
37063	コメント５６７８９０１２３４５６	Comment５６７８９０１２３４５６	Client/UIInfoData	high	JP↔EN same record ID
1026	必要触媒個数	Required number of catalysts	Client/UIInfoData	high	JP↔EN same record ID
35021	登録	Add	Client/UIInfoData	high	JP↔EN same record ID
30055	取得する	Acquire	Client/UIInfoData	high	JP↔EN same record ID
30018	コンプリート数	Quests Completed	Client/UIInfoData	high	JP↔EN same record ID
21011	テイワズ	Tiwaz	Client/UIInfoData	high	JP↔EN same record ID
17092	ウィアド	Wyrd	Client/UIInfoData	high	JP↔EN same record ID
21042	テイワズ	Tiwaz	Client/UIInfoData	high	JP↔EN same record ID
36012	キャラクター名を入力	Enter character's name	Client/UIInfoData	high	JP↔EN same record ID
18032	シーグル	Sowilo	Client/UIInfoData	high	JP↔EN same record ID
28006	青のべテル	Blue Bethel	Client/UIInfoData	high	JP↔EN same record ID
32006	■特性が引き継がれる装備&#10;【継承内容】&#10;　・特性	Characteristics Inheritance&#10; * Characteristics	Client/UIInfoData	high	JP↔EN same record ID
1008	アイテム名	Item name	Client/UIInfoData	high	JP↔EN same record ID
1029	閉じる	Close	Client/UIInfoData	high	JP↔EN same record ID
31077	トレード	Trade	Client/UIInfoData	high	JP↔EN same record ID
31091	トレードリスト	Trade List	Client/UIInfoData	high	JP↔EN same record ID
17060	アンサズ	Ansuz	Client/UIInfoData	high	JP↔EN same record ID
39010	アイテムを入手する	Get Reward	Client/UIInfoData	high	JP↔EN same record ID
28035	1st：&#10;2nd：&#10;3rd：&#10;4th：&#10;5th：&#10;Affiliation：Mr.Misaguji&#10;獲得カウリ：XXXX	1st：&#10;2nd：&#10;3rd：&#10;4th：&#10;5th：&#10;Affiliation：Mr.Misaguji&#10;Kauri Owned：XXXX	Client/UIInfoData	high	JP↔EN same record ID
20034	ウィアド	Wyrd	Client/UIInfoData	high	JP↔EN same record ID
31073	バザー	Bazaar	Client/UIInfoData	high	JP↔EN same record ID
21021	ハガラズ	Hagalaz	Client/UIInfoData	high	JP↔EN same record ID
23003	閉じる	Close	Client/UIInfoData	high	JP↔EN same record ID
32002	■ベース装備&#10;【継承内容】&#10;　・外見&#10;　・耐久値/最大耐久値&#10;　・フュージョンゲージストック数&#10;　　（COMPのみ）&#10;　・修理費&#10;　・売却価格&#10;　・トレードの可不可設定&#10;　・外見性能（セットボーナス含む）	Base Equipment Inheritance&#10; * Appearance&#10; * Durability&#10; * Fusion gauge stock number&#10;   (COMP only)&#10; * Repair cost&#10; * Sale price&#10; * Tradeability&#10; * Set Bonus (if any)	Client/UIInfoData	high	JP↔EN same record ID
39017	チャンス拡大アイテムの個数を選択	Select Number of Chance Boosters	Client/UIInfoData	high	JP↔EN same record ID
37005	新規登録	Register	Client/UIInfoData	high	JP↔EN same record ID
36017	内容（必須）	Reason	Client/UIInfoData	high	JP↔EN same record ID
22037	レンタル悪魔倉庫３	Rental Demon Depot 3	Client/UIInfoData	high	JP↔EN same record ID
29012	※一覧ショートカット 【Y】	* List Shortcut: Y	Client/UIInfoData	high	JP↔EN same record ID
28063	現在所属中	Pledged To	Client/UIInfoData	high	JP↔EN same record ID
45037	閉じる	Close	Client/UIInfoData	high	JP↔EN same record ID
37034	目的３４５６７８９０１２３４５６	Reason３４５６７８９０１２３４５６	Client/UIInfoData	high	JP↔EN same record ID
17084	シーグル	Sowilo	Client/UIInfoData	high	JP↔EN same record ID
18026	アンサズ	Ansuz	Client/UIInfoData	high	JP↔EN same record ID
31054	修理	Repair	Client/UIInfoData	high	JP↔EN same record ID
35007	登録数	People Registered	Client/UIInfoData	high	JP↔EN same record ID
53013	使用中の倉庫のみ表示	Display only the warehouse in use	Client/UIInfoData	high	JP↔EN same record ID
37088	閉じる	Close	Client/UIInfoData	high	JP↔EN same record ID
22083	検索	Search	Client/UIInfoData	high	JP↔EN same record ID
26154	アイテム	Inventory	Client/UIInfoData	high	JP↔EN same record ID
25003	閉じる	Close	Client/UIInfoData	high	JP↔EN same record ID
30002	ＰＣ強化	Player Enhancement	Client/UIInfoData	high	JP↔EN same record ID
39011	キャンセル	Cancel	Client/UIInfoData	high	JP↔EN same record ID
25000	倉庫内アイテム検索	Search Item Depositories	Client/UIInfoData	high	JP↔EN same record ID
16013	参加しない	Decline	Client/UIInfoData	high	JP↔EN same record ID
20008	閉じる	Close	Client/UIInfoData	high	JP↔EN same record ID
35019	登録したいキャラクター名を入力	Enter the name of who you want to Blacklist	Client/UIInfoData	high	JP↔EN same record ID
42000	デジタライズレベル	Digitalization Levels	Client/UIInfoData	high	JP↔EN same record ID
28021	黄のべテル	Yellow Bethel	Client/UIInfoData	high	JP↔EN same record ID
17020	エオー	Fehu	Client/UIInfoData	high	JP↔EN same record ID
17036	ウルズ	Uruz	Client/UIInfoData	high	JP↔EN same record ID
30019	効果	Effect	Client/UIInfoData	high	JP↔EN same record ID
28016	緑のべテル	Green Bethel	Client/UIInfoData	high	JP↔EN same record ID
22017	悪魔倉庫	Demon Depository	Client/UIInfoData	high	JP↔EN same record ID
34011	成功率	Success rate	Client/UIInfoData	high	JP↔EN same record ID
23067	倉庫７	Depo 7	Client/UIInfoData	high	JP↔EN same record ID
34001	左が合体の結果だ。&#10;&#10;ワシは合体した装備品を分離できんが、&#10;それでもやるか？	This is the result of the Infusion.&#10;&#10;You won't be able to separate them.&#10;Are you sure?	Client/UIInfoData	high	JP↔EN same record ID
36009	場所及びワールド	Location	Client/UIInfoData	high	JP↔EN same record ID
26078	閉じる	Close	Client/UIInfoData	high	JP↔EN same record ID
26099	アイテム	Inventory	Client/UIInfoData	high	JP↔EN same record ID
28031	カウリ	Kauri	Client/UIInfoData	high	JP↔EN same record ID
30013	ボーナス対象クエスト達成数	Quests Completed	Client/UIInfoData	high	JP↔EN same record ID
37019	メンバー募集	Recruiting	Client/UIInfoData	high	JP↔EN same record ID
47000	プレビュー	Preview	Client/UIInfoData	high	JP↔EN same record ID
36013	報告対象（必須）	Name (Required)	Client/UIInfoData	high	JP↔EN same record ID
21027	ナウシズ	Nauthiz	Client/UIInfoData	high	JP↔EN same record ID
52013	御魂タイプ	M-Type	Client/UIInfoData	high	JP↔EN same record ID
23074	倉庫８	Depo 8	Client/UIInfoData	high	JP↔EN same record ID
23025	倉庫１	Depo 1	Client/UIInfoData	high	JP↔EN same record ID
31139	魔装術	Tarot Fusion	Client/UIInfoData	high	JP↔EN same record ID
37062	目的３４５６７８９０１２３４５６	Reason３４５６７８９０１２３４５６	Client/UIInfoData	high	JP↔EN same record ID
22000	悪魔倉庫リスト	Demon Depository List	Client/UIInfoData	high	JP↔EN same record ID
21033	ウィアド	Wyrd	Client/UIInfoData	high	JP↔EN same record ID
22044	レンタル悪魔倉庫４	Rental Demon Depot 4	Client/UIInfoData	high	JP↔EN same record ID
21009	リユニオンタイプを&#10;選択してください。	Select a Growth Type.	Client/UIInfoData	high	JP↔EN same record ID
35000	ブラックリスト	Blacklist	Client/UIInfoData	high	JP↔EN same record ID
18110	実行	Execute	Client/UIInfoData	high	JP↔EN same record ID
18016	エオー	Fehu	Client/UIInfoData	high	JP↔EN same record ID
36000	違反報告	Violation Report	Client/UIInfoData	high	JP↔EN same record ID
31179	スロット１：	Slot 1:	Client/UIInfoData	high	JP↔EN same record ID
53003	閉じる	Close	Client/UIInfoData	high	JP↔EN same record ID
12011	リセット	Reset	Client/UIInfoData	high	JP↔EN same record ID
26013	アイテム名６７８９０１２３４５６	Item name６７８９０１２３４５６	Client/UIInfoData	high	JP↔EN same record ID
21031	シーグル	Sowilo	Client/UIInfoData	high	JP↔EN same record ID
30003	ＰＣ強化	Player Enhancement	Client/UIInfoData	high	JP↔EN same record ID
37035	コメント５６７８９０１２３４５６	Comment５６７８９０１２３４５６	Client/UIInfoData	high	JP↔EN same record ID
16010	参加しない	Decline	Client/UIInfoData	high	JP↔EN same record ID
37087	次＞	Next ->	Client/UIInfoData	high	JP↔EN same record ID
26077	所持品確認	View Inventory	Client/UIInfoData	high	JP↔EN same record ID
37011	クラン	Clan	Client/UIInfoData	high	JP↔EN same record ID
17028	エイワズ	Eihwaz	Client/UIInfoData	high	JP↔EN same record ID
31034	対象	Valid Targets	Client/UIInfoData	high	JP↔EN same record ID
23006	倉庫終了	Close All	Client/UIInfoData	high	JP↔EN same record ID
22030	レンタル悪魔倉庫２	Rental Demon Depot 2	Client/UIInfoData	high	JP↔EN same record ID
34005	はい	Yes	Client/UIInfoData	high	JP↔EN same record ID
17012	ペオース	Peorth	Client/UIInfoData	high	JP↔EN same record ID
23060	倉庫６	Depo 6	Client/UIInfoData	high	JP↔EN same record ID
21050	必要マッカ	Macca Cost	Client/UIInfoData	high	JP↔EN same record ID
28040	勢力状況	The Balance of Power	Client/UIInfoData	high	JP↔EN same record ID
36005	閉じる	Close	Client/UIInfoData	high	JP↔EN same record ID
46011	クローゼット登録	Register to Closet	Client/UIInfoData	high	JP↔EN same record ID
23039	倉庫３	Depo 3	Client/UIInfoData	high	JP↔EN same record ID
31022	各種ステータス	Various Information (Only Relevant Sections Lit)	Client/UIInfoData	high	JP↔EN same record ID
31093	使用期限	Expiration Date	Client/UIInfoData	high	JP↔EN same record ID
31173	スロット４：	Slot 4:	Client/UIInfoData	high	JP↔EN same record ID
31100	基本性能	Basic Features	Client/UIInfoData	high	JP↔EN same record ID
28076	クルースニク	Kresnik	Client/UIInfoData	high	JP↔EN same record ID
21017	エイワズ	Eihwaz	Client/UIInfoData	high	JP↔EN same record ID
47009	リセット	Reset	Client/UIInfoData	high	JP↔EN same record ID
31085	LNC制限	Alignment	Client/UIInfoData	high	JP↔EN same record ID
1014	成功率	Success rate	Client/UIInfoData	high	JP↔EN same record ID
20016	エオー	Fehu	Client/UIInfoData	high	JP↔EN same record ID
22001	悪魔倉庫リスト	Demon Depository List	Client/UIInfoData	high	JP↔EN same record ID
18008	閉じる	Close	Client/UIInfoData	high	JP↔EN same record ID
21015	エオー	Fehu	Client/UIInfoData	high	JP↔EN same record ID
31176	スロット５：	Slot 5:	Client/UIInfoData	high	JP↔EN same record ID
28000	ペンタルファ	Pentalpha	Client/UIInfoData	high	JP↔EN same record ID
12025	やめる	Stop	Client/UIInfoData	high	JP↔EN same record ID
20022	ハガラズ	Hagalaz	Client/UIInfoData	high	JP↔EN same record ID
18014	ペオース	Peorth	Client/UIInfoData	high	JP↔EN same record ID
20032	シーグル	Sowilo	Client/UIInfoData	high	JP↔EN same record ID
22023	レンタル悪魔倉庫１	Rental Demon Depot 1	Client/UIInfoData	high	JP↔EN same record ID
31097	基本情報	Basic Information	Client/UIInfoData	high	JP↔EN same record ID
28088	インドラジット	Indrajit	Client/UIInfoData	high	JP↔EN same record ID
31042	他人の仲魔	Other's Demon	Client/UIInfoData	high	JP↔EN same record ID
28003	個人情報	Personal Information	Client/UIInfoData	high	JP↔EN same record ID
30021	コード名	Code	Client/UIInfoData	high	JP↔EN same record ID
28106	閉じる	Close	Client/UIInfoData	high	JP↔EN same record ID
30001	クエストボーナス	Quest Completion Bonuses	Client/UIInfoData	high	JP↔EN same record ID
26076	交換する	Exchange	Client/UIInfoData	high	JP↔EN same record ID
37047	場所３４５６７８９０１２３４５６	Location３４５６７８９０１２３４５６	Client/UIInfoData	high	JP↔EN same record ID
34008	必要マッカ	Macca Cost	Client/UIInfoData	high	JP↔EN same record ID
23000	アイテム倉庫リスト	Item Depository List	Client/UIInfoData	high	JP↔EN same record ID
37015	参加希望	Looking to Join	Client/UIInfoData	high	JP↔EN same record ID
28026	赤のべテル	Red Bethel	Client/UIInfoData	high	JP↔EN same record ID
48009	はい	Yes	Client/UIInfoData	high	JP↔EN same record ID
31156	デビルフォース	Demon Force	Client/UIInfoData	high	JP↔EN same record ID
18020	ウルズ	Uruz	Client/UIInfoData	high	JP↔EN same record ID
18045	セット効果	Mitama Set Bonuses	Client/UIInfoData	high	JP↔EN same record ID
37055	目的３４５６７８９０１２３４５６	Reason３４５６７８９０１２３４５６	Client/UIInfoData	high	JP↔EN same record ID
24003	初期化	Reset	Client/UIInfoData	high	JP↔EN same record ID
23046	倉庫４	Depo 4	Client/UIInfoData	high	JP↔EN same record ID
12010	適用	Apply	Client/UIInfoData	high	JP↔EN same record ID
20043	テイワズ	Tiwaz	Client/UIInfoData	high	JP↔EN same record ID
31026	消耗品	Consumables	Client/UIInfoData	high	JP↔EN same record ID
37084	コメント５６７８９０１２３４５６	Comment５６７８９０１２３４５６	Client/UIInfoData	high	JP↔EN same record ID
37033	場所３４５６７８９０１２３４５６	Location３４５６７８９０１２３４５６	Client/UIInfoData	high	JP↔EN same record ID
31038	ＰＴのみ	PT Members Only	Client/UIInfoData	high	JP↔EN same record ID
14000	ミッションガイド	Mission Guidance	Client/UIInfoData	high	JP↔EN same record ID
18000	御魂強化	Mitama Enhancement	Client/UIInfoData	high	JP↔EN same record ID
26121	アイテム	Inventory	Client/UIInfoData	high	JP↔EN same record ID
29015	開始NPC	Requester	Client/UIInfoData	high	JP↔EN same record ID
17002	閉じる	Close	Client/UIInfoData	high	JP↔EN same record ID
31166	基本情報,性能,外見性能,説明,改造,エンチャント,調合補助,デビルフォース	Basic Info,Features,Set Bonus,Desc.,Mods,Enchantments,Mix Support,Demon Force	Client/UIInfoData	high	JP↔EN same record ID
18043	テイワズ	Tiwaz	Client/UIInfoData	high	JP↔EN same record ID
31136	スロット２：	Slot 2:	Client/UIInfoData	high	JP↔EN same record ID
36015	場所名を記入	Enter the location	Client/UIInfoData	high	JP↔EN same record ID
31063	共通	General Item Flags	Client/UIInfoData	high	JP↔EN same record ID
12024	履歴	History	Client/UIInfoData	high	JP↔EN same record ID
31032	自分	Self	Client/UIInfoData	high	JP↔EN same record ID
14003	退出	Exit	Client/UIInfoData	high	JP↔EN same record ID
24000	倉庫ウィンドウ編集	Depository Window Settings	Client/UIInfoData	high	JP↔EN same record ID
18022	ハガラズ	Hagalaz	Client/UIInfoData	high	JP↔EN same record ID
12031	閉じる	Close	Client/UIInfoData	high	JP↔EN same record ID
45000	ヴァーチャルアピアランス設定	Virtual Appearance Configuration	Client/UIInfoData	high	JP↔EN same record ID
20028	ナウシズ	Nauthiz	Client/UIInfoData	high	JP↔EN same record ID
39012	チャンス拡大アイテムを選択	Select a Chance Booster	Client/UIInfoData	high	JP↔EN same record ID
37077	コメント５６７８９０１２３４５６	Comment５６７８９０１２３４５６	Client/UIInfoData	high	JP↔EN same record ID
26089	アイテム名６７８９０１２３４５６	Item name６７８９０１２３４５６	Client/UIInfoData	high	JP↔EN same record ID
25012	指定なし	Unspecified	Client/UIInfoData	high	JP↔EN same record ID
20046	必要マッカ	Macca Cost	Client/UIInfoData	high	JP↔EN same record ID
22066	レンタル悪魔倉庫７	Rental Demon Depot 7	Client/UIInfoData	high	JP↔EN same record ID
24006	倉庫名変更	Depository Name	Client/UIInfoData	high	JP↔EN same record ID
36020	指定なし	Unspecified	Client/UIInfoData	high	JP↔EN same record ID
20030	イング	Ingwaz	Client/UIInfoData	high	JP↔EN same record ID
23005	検索	Search	Client/UIInfoData	high	JP↔EN same record ID
52003	実行する	Execute	Client/UIInfoData	high	JP↔EN same record ID
37049	コメント&#10;５６７８&#10;９０１２&#10;３４５６	Comment&#10;５６７８&#10;９０１２&#10;３４５６	Client/UIInfoData	high	JP↔EN same record ID
12028	マニュアアイテム履歴	Manure Item History	Client/UIInfoData	high	JP↔EN same record ID
26176	アイテム	Inventory	Client/UIInfoData	high	JP↔EN same record ID
28099	現在所属中	Pledged To	Client/UIInfoData	high	JP↔EN same record ID
18018	エイワズ	Eihwaz	Client/UIInfoData	high	JP↔EN same record ID
22005	倉庫終了	Close All	Client/UIInfoData	high	JP↔EN same record ID
40002	閉じる	Close	Client/UIInfoData	high	JP↔EN same record ID
37054	場所３４５６７８９０１２３４５６	Location３４５６７８９０１２３４５６	Client/UIInfoData	high	JP↔EN same record ID
30043	取得する	Acquire	Client/UIInfoData	high	JP↔EN same record ID
31170	スロット３：	Slot 3:	Client/UIInfoData	high	JP↔EN same record ID
17004	テイワズ	Tiwaz	Client/UIInfoData	high	JP↔EN same record ID
26025	アイテム名６７８９０１２３４５６	Item name６７８９０１２３４５６	Client/UIInfoData	high	JP↔EN same record ID
20010	リユニオンタイプを&#10;選択してください。	Select a Growth Type.	Client/UIInfoData	high	JP↔EN same record ID
18024	ラグズ	Laguz	Client/UIInfoData	high	JP↔EN same record ID
51003	仲魔詳細	View Demon Information	Client/UIInfoData	high	JP↔EN same record ID
24002	決定	Save	Client/UIInfoData	high	JP↔EN same record ID
30046	取得する	Acquire	Client/UIInfoData	high	JP↔EN same record ID
18030	イング	Ingwaz	Client/UIInfoData	high	JP↔EN same record ID
20026	アンサズ	Ansuz	Client/UIInfoData	high	JP↔EN same record ID
18091	選択した御魂によって、&#10;&#10;1種のパラメータがランダムで付与されます。	Depending on the Mitama you use for enhancement, one of the demon's ability scores will be improved.	Client/UIInfoData	high	JP↔EN same record ID
18096	御魂を選択してください	Choose a Mitama	Client/UIInfoData	high	JP↔EN same record ID
37006	閲覧したい項目を選択してください。	Please select the entry you would like to view.	Client/UIInfoData	high	JP↔EN same record ID
40011	アイテム名６７８９０１２３４５６７&#10; ×99999	Item name６７８９０１２３４５６７&#10; ×99999	Client/UIInfoData	high	JP↔EN same record ID
36024	報告する	Report	Client/UIInfoData	high	JP↔EN same record ID
26037	アイテム名６７８９０１２３４５６	Item name６７８９０１２３４５６	Client/UIInfoData	high	JP↔EN same record ID
18039	状態	Status	Client/UIInfoData	high	JP↔EN same record ID
26143	アイテム	Inventory	Client/UIInfoData	high	JP↔EN same record ID
5002	プレゼント	Gift	Client/UIInfoData	high	JP↔EN same record ID
31081	売却	Sell	Client/UIInfoData	high	JP↔EN same record ID
16009	参加する	Participate	Client/UIInfoData	high	JP↔EN same record ID
37085	登録修正	Edit Registration	Client/UIInfoData	high	JP↔EN same record ID
21013	ペオース	Peorth	Client/UIInfoData	high	JP↔EN same record ID
31002	閉じる	Close	Client/UIInfoData	high	JP↔EN same record ID
31044	影響	Affects	Client/UIInfoData	high	JP↔EN same record ID
25006	中分類	Type	Client/UIInfoData	high	JP↔EN same record ID
31040	仲魔	Demon	Client/UIInfoData	high	JP↔EN same record ID
32004	■基本性能が引き継がれる装備&#10;【継承内容】&#10;　・相性属性&#10;　・LNC属性制限&#10;　・GP制限&#10;　・エンチャント情報&#10;　・改造スロット情報	Basic Features Inheritance&#10; * Affinities&#10; * Alignment Restriction (if any)&#10; * Grade Points&#10; * Enchant Info&#10; * Modification Slots	Client/UIInfoData	high	JP↔EN same record ID
31129	改造素材効果	Modification Material Information	Client/UIInfoData	high	JP↔EN same record ID
28064	ミシャグジさま	Mishaguji-Sama	Client/UIInfoData	high	JP↔EN same record ID
46012	クローゼット登録解除	Delete from Closet	Client/UIInfoData	high	JP↔EN same record ID
37070	コメント５６７８９０１２３４５６	Comment５６７８９０１２３４５６	Client/UIInfoData	high	JP↔EN same record ID
28037	先週の結果	Last Week's Results	Client/UIInfoData	high	JP↔EN same record ID
51019	閉じる	Close	Client/UIInfoData	high	JP↔EN same record ID
37053	キャラ名５６７８９０１２３	Character's name５６７８９０１２３	Client/UIInfoData	high	JP↔EN same record ID
37069	目的３４５６７８９０１２３４５６	Reason３４５６７８９０１２３４５６	Client/UIInfoData	high	JP↔EN same record ID
25014	アイテム名	Item name	Client/UIInfoData	high	JP↔EN same record ID
31150	調合補助効果	Item Mix Support Effect	Client/UIInfoData	high	JP↔EN same record ID
20007	仲魔詳細	Demon Info	Client/UIInfoData	high	JP↔EN same record ID
37010	パーティ	Party	Client/UIInfoData	high	JP↔EN same record ID
31111	外見性能	Set Bonus Effect	Client/UIInfoData	high	JP↔EN same record ID
44004	キャンセル	Cancel	Client/UIInfoData	high	JP↔EN same record ID
21029	イング	Ingwaz	Client/UIInfoData	high	JP↔EN same record ID
26132	アイテム	Inventory	Client/UIInfoData	high	JP↔EN same record ID
22059	レンタル悪魔倉庫６	Rental Demon Depot 6	Client/UIInfoData	high	JP↔EN same record ID
37040	場所３４５６７８９０１２３４５６	Location３４５６７８９０１２３４５６	Client/UIInfoData	high	JP↔EN same record ID
17044	ハガラズ	Hagalaz	Client/UIInfoData	high	JP↔EN same record ID
20024	ラグズ	Laguz	Client/UIInfoData	high	JP↔EN same record ID
28051	現在所属中	Pledged To	Client/UIInfoData	high	JP↔EN same record ID
17076	イング	Ingwaz	Client/UIInfoData	high	JP↔EN same record ID
30006	特殊コード	Special Codes	Client/UIInfoData	high	JP↔EN same record ID
36021	コメント	Comment	Client/UIInfoData	high	JP↔EN same record ID
37076	目的３４５６７８９０１２３４５６	Reason３４５６７８９０１２３４５６	Client/UIInfoData	high	JP↔EN same record ID
17000	御魂強化セット効果一覧	Mitama Set Bonus	Client/UIInfoData	high	JP↔EN same record ID
1018	アイテム名	Item name	Client/UIInfoData	high	JP↔EN same record ID
22052	レンタル悪魔倉庫５	Rental Demon Depot 5	Client/UIInfoData	high	JP↔EN same record ID
42004	閉じる	Close	Client/UIInfoData	high	JP↔EN same record ID
31036	他人	Others	Client/UIInfoData	high	JP↔EN same record ID
18107	必要マッカ	Macca Cost	Client/UIInfoData	high	JP↔EN same record ID
1013	アイテム名	Item name	Client/UIInfoData	high	JP↔EN same record ID
19002	閉じる	Close	Client/UIInfoData	high	JP↔EN same record ID
37048	目的３４５６７８９０１２３４５６	Reason３４５６７８９０１２３４５６	Client/UIInfoData	high	JP↔EN same record ID
2112	閉じる	Close	Client/UIInfoData	high	JP↔EN same record ID
18090	御魂	Mitama	Client/UIInfoData	high	JP↔EN same record ID
28087	現在所属中	Pledged To	Client/UIInfoData	high	JP↔EN same record ID
35010	閉じる	Close	Client/UIInfoData	high	JP↔EN same record ID
37017	メンバー募集	Recruiting	Client/UIInfoData	high	JP↔EN same record ID
1019	成功率	Success rate	Client/UIInfoData	high	JP↔EN same record ID
35006	登録者を削除する	Remove	Client/UIInfoData	high	JP↔EN same record ID
37075	場所３４５６７８９０１２３４５６	Location３４５６７８９０１２３４５６	Client/UIInfoData	high	JP↔EN same record ID
37021	参加希望	Looking to Join	Client/UIInfoData	high	JP↔EN same record ID
20020	ウルズ	Uruz	Client/UIInfoData	high	JP↔EN same record ID
29002	閉じる	Close	Client/UIInfoData	high	JP↔EN same record ID
30052	取得する	Acquire	Client/UIInfoData	high	JP↔EN same record ID
26179	欲しいものを選択してください。&#10;右クリックで詳細を表示します。	Please select the desired item.&#10;Right-click it to view details.	Client/UIInfoData	high	JP↔EN same record ID
32008	■特殊な引き継ぎ&#10;【継承内容】&#10;　・Lv制限&#10;　※三つの装備の内、&#10;　　最も制限の高いものが継承される	Special Inheritance&#10; * Level Requirement; the highest    level requirement among the   equipment involved is inherited.	Client/UIInfoData	high	JP↔EN same record ID
25002	取り出す	Take Out	Client/UIInfoData	high	JP↔EN same record ID
18028	ナウシズ	Nauthiz	Client/UIInfoData	high	JP↔EN same record ID
20014	ペオース	Peorth	Client/UIInfoData	high	JP↔EN same record ID
46000	クローゼット登録	Register Costume Pieces to Closet	Client/UIInfoData	high	JP↔EN same record ID
22003	閉じる	Close	Client/UIInfoData	high	JP↔EN same record ID
1022	必要クロイツ	Required Kreuz	Client/UIInfoData	high	JP↔EN same record ID
25016	使用中の倉庫のみ表示	Display only the warehouse in use	Client/UIInfoData	high	JP↔EN same record ID
36023	半角200字まで入力可能です。&#10;コメントはなくても通報可能です。&#10;３&#10;４&#10;５	You can enter up to 200 characters&#10;You don't have to fill this box in order to file a report&#10;３&#10;４&#10;５	Client/UIInfoData	high	JP↔EN same record ID
37061	場所３４５６７８９０１２３４５６	Location３４５６７８９０１２３４５６	Client/UIInfoData	high	JP↔EN same record ID
31065	倉庫	Depository	Client/UIInfoData	high	JP↔EN same record ID
43004	閉じる	Close	Client/UIInfoData	high	JP↔EN same record ID
52012	成長タイプ	G-Type	Client/UIInfoData	high	JP↔EN same record ID
28011	紫のべテル	Purple Bethel	Client/UIInfoData	high	JP↔EN same record ID
6002	プレゼント	Gift	Client/UIInfoData	high	JP↔EN same record ID
26165	アイテム	Inventory	Client/UIInfoData	high	JP↔EN same record ID
26110	アイテム	Inventory	Client/UIInfoData	high	JP↔EN same record ID
26061	アイテム名６７８９０１２３４５６	Item name６７８９０１２３４５６	Client/UIInfoData	high	JP↔EN same record ID
30008	付与ステータス一覧	Player Bonuses Obtained	Client/UIInfoData	high	JP↔EN same record ID
17052	ラグズ	Laguz	Client/UIInfoData	high	JP↔EN same record ID
28075	現在所属中	Pledged To	Client/UIInfoData	high	JP↔EN same record ID
28100	クドラク	Kudlak	Client/UIInfoData	high	JP↔EN same record ID
23085	使用中の倉庫のみ表示	Display only the warehouse in use	Client/UIInfoData	high	JP↔EN same record ID
53008	指定なし	Unspecified	Client/UIInfoData	high	JP↔EN same record ID
31104	特性	Characteristics	Client/UIInfoData	high	JP↔EN same record ID
36002	対象キャラクターを運営事務局に&#10;違反報告します。&#10;※返信があるわけではありません。&#10;※報告した後、１分が経過しないと&#10;　再度報告することはできません。	Please report anyone you think might be breaking the rules. A GM will investigate the issue.	Client/UIInfoData	high	JP↔EN same record ID
18034	ウィアド	Wyrd	Client/UIInfoData	high	JP↔EN same record ID
26183	■交換条件	* Exchange Conditions	Client/UIInfoData	high	JP↔EN same record ID
52004	やめる	Stop	Client/UIInfoData	high	JP↔EN same record ID
30017	閉じる	Close	Client/UIInfoData	high	JP↔EN same record ID
37042	コメント５６７８９０１２３４５６	Comment５６７８９０１２３４５６	Client/UIInfoData	high	JP↔EN same record ID
53010	アイテム名	Item name	Client/UIInfoData	high	JP↔EN same record ID
23081	倉庫９	Depo 9	Client/UIInfoData	high	JP↔EN same record ID
31144	魂合術	Soul Fusion	Client/UIInfoData	high	JP↔EN same record ID
10061	閉じる	Close	Client/UIInfoData	high	JP↔EN same record ID
19000	御魂選択	Mitama Selection	Client/UIInfoData	high	JP↔EN same record ID
506	バレットのアイコンをドラッグすることでバレットアイテムを装備できます。	Drag Bullet icon to equip Bullet item.	Client/CMessageData_SysHelp	high	JP↔EN same record ID
503	カメラを下に移動します。	Move the camera Down.	Client/CMessageData_SysHelp	high	JP↔EN same record ID
2405	最終ページへ進みます。	Go to the last page.	Client/CMessageData_SysHelp	high	JP↔EN same record ID
1001	タブを１個左にスライドします。	Slide tab one to the left.	Client/CMessageData_SysHelp	high	JP↔EN same record ID
106	エモートリストを呼び出します。	Call up Emotion List.	Client/CMessageData_SysHelp	high	JP↔EN same record ID
516	ＣＯＭＰのアイコンをドラッグすることでＣＯＭＰアイテムを装備できます。	Drag COMP icon to equip COMP item.	Client/CMessageData_SysHelp	high	JP↔EN same record ID
2102	進む	Next	Client/CMessageData_SysHelp	high	JP↔EN same record ID
401	タブを１個左にスライドします。	Slide 1 tab to the left.	Client/CMessageData_SysHelp	high	JP↔EN same record ID
2601	バイクのブーストモードをＯＮにします。※ブーストモードはフィールドでのみ使用可※ブーストモード時は他のマップへの移動不可	Turn on your bike's boost mode.*Can only be used in fields*You can not move to other maps in boost mode	Client/CMessageData_SysHelp	high	JP↔EN same record ID
519	エクストラのアイコンをドラッグすることでエクストラアイテムを装備できます。	Drag Extra icon to equip Extra item.	Client/CMessageData_SysHelp	high	JP↔EN same record ID
1115	ネックのアイコンをドラッグすることでネックアイテムを試着できます。	Drag Neck icon to try on Neck item.	Client/CMessageData_SysHelp	high	JP↔EN same record ID
1119	レッグのアイコンをドラッグすることでレッグアイテムを試着できます。	Drag Leg icon to try on Leg item.	Client/CMessageData_SysHelp	high	JP↔EN same record ID
103	パーティメンバーに向けて発言します。	Speak to a party member.	Client/CMessageData_SysHelp	high	JP↔EN same record ID
2302	仲魔がロックされています。合体や契約解除などを行うことができません。召喚した状態でクリックすると、ロックを解除することができます。※悪魔装備装着中は解除することが出来ません。　ロックを解除したい場合は悪魔装備を外して下さい。	Demon is locked.You can not fuse or dismiss it.Click this button while itis summoned to lock it.*Can not be unlocked if your demonis equipped with Epitaphs.	Client/CMessageData_SysHelp	high	JP↔EN same record ID
2103	更新	Reload	Client/CMessageData_SysHelp	high	JP↔EN same record ID
2201	仲魔と会話して依頼を受けましょう。	Talk to your partner about a request.	Client/CMessageData_SysHelp	high	JP↔EN same record ID
108	現在のテキスト入力モードは「半角アルファベットモード」です。選択することで「全角日本語モード」に切り替えます。	"Current Input Mode is ""Roman Alphabet"". Select to switch to ""Japanese mode""."	Client/CMessageData_SysHelp	high	JP↔EN same record ID
2003	合体による遺伝、ソウルポイントの消費により体得出来るスキル一覧です。「所持スキル」欄にドラッグすることで、ＭＡＳＴＥＲしたスキルを習得できます。	"A list of skills inherited through fusion. Drag to the ""Learned Skills"" Column to acquire mastered skills."	Client/CMessageData_SysHelp	high	JP↔EN same record ID
1114	ボディのアイコンをドラッグすることでボディアイテムを試着できます。	Drag Body icon to try on Body item.	Client/CMessageData_SysHelp	high	JP↔EN same record ID
302	テーブルを１個前のナンバーの物に切り替えます。	Switch to the previous Table.	Client/CMessageData_SysHelp	high	JP↔EN same record ID
208	ショップメニューを呼び出します。	Call up COMP Shop. Buy Macca andCP goods.	Client/CMessageData_SysHelp	high	JP↔EN same record ID
1902	エンブレムをおまかせカラーにします。再度選択することで、１つ後のおまかせカラーに切り替えます。	Set Emblem to default color. Press again to choose the next default color.	Client/CMessageData_SysHelp	high	JP↔EN same record ID
501	右ドラッグもしくはPageUp/PageDown/Delete/Insertキーにてカメラを上下左右に回転できます。ホイールまたはHome/Endキーにてカメラを拡大・縮小できます。	Use right drag, or PageUp/PageDown/Delete/Insert keys to move the camera. Use the mouse wheel or Home/End to zoom in or out.	Client/CMessageData_SysHelp	high	JP↔EN same record ID
1301	プレイヤーキャラクターのモーションを再生します。	Start Character motion.	Client/CMessageData_SysHelp	high	JP↔EN same record ID
1702	装備品のアイコンをドラッグすることで、魔装術で変化させるアイテムを選択できます。	Drag Equipment icon to select equipment to alter in Tarot Fusion.	Client/CMessageData_SysHelp	high	JP↔EN same record ID
1701	魔晶・魔装符のアイコンをドラッグすることで、魔装術で素材とするアイテムを選択できます。失敗しても、魔晶・魔装符は失われません。	Drag Demon Crystal/Tarot Card icon to select item to use in Tarot Fusion. Even if tech fails, Crystal/Tarot Card will not be lost.	Client/CMessageData_SysHelp	high	JP↔EN same record ID
1104	カメラの位置をリセットします。	Reset the Camera position.	Client/CMessageData_SysHelp	high	JP↔EN same record ID
1705	月影鏡のアイコンをドラッグすることで、魔装術の成功確率を増加させます。その際に月影鏡は失われます。	Drag Mirror of Moonlight icon to increase success rate of Tarot Fusion. Mirror of Moonlight is lost.	Client/CMessageData_SysHelp	high	JP↔EN same record ID
112	チャットショートカット編集を呼び出します。	Edit chat shortcuts.	Client/CMessageData_SysHelp	high	JP↔EN same record ID
2002	成長により体得したスキル一覧です。「所持スキル」欄にドラッグすることで、新たなスキルを習得できます。	"A list of skills made available through growth. Drag to the ""Learned Skills"" Column to acquire new skills."	Client/CMessageData_SysHelp	high	JP↔EN same record ID
1201	選択したチャンネルにログインします。・満員：ログインできません。・混雑：混んでいますがログインできます。・普通：ログインできます。・快適：すいておりログインできます。	Login to the selected Channel.  Full:Cannot login.  Busy: Crowded, but can login.  Normal:Can login.  Fine: Not crowded. Can login.	Client/CMessageData_SysHelp	high	JP↔EN same record ID
1105	プレイヤーキャラクターのパラメーターを表示有りにします。	Set Character's Parameter to Display:On.	Client/CMessageData_SysHelp	high	JP↔EN same record ID
304	非表示切替したウィンドウを表示します。	Display hidden Window.	Client/CMessageData_SysHelp	high	JP↔EN same record ID
2001	現在習得しているスキル一覧です。	View all currently acquired skills.	Client/CMessageData_SysHelp	high	JP↔EN same record ID
207	クエスト・エピソードのオファー状態、またはコンプリート状態を確認できます。	Check Quest, Episode offers andcompletion.	Client/CMessageData_SysHelp	high	JP↔EN same record ID
512	ボディのアイコンをドラッグすることでボディアイテムを装備できます。	Drag Body icon to equip Body item.	Client/CMessageData_SysHelp	high	JP↔EN same record ID
104	名前を入力したプレイヤーキャラクターに向けて発言します。	Speak to the character with the entered name.	Client/CMessageData_SysHelp	high	JP↔EN same record ID
1110	イヤリングのアイコンをドラッグすることでイヤリングアイテムを試着できます。	Drag Earring icon to try on Earring item.	Client/CMessageData_SysHelp	high	JP↔EN same record ID
2401	プロモーションコード入力ウィンドウを呼び出します。	Call up the Promotion Code entry window.	Client/CMessageData_SysHelp	high	JP↔EN same record ID
402	タブを１個右にスライドします。	Slide 1 tab to the right.	Client/CMessageData_SysHelp	high	JP↔EN same record ID
1111	タリスマンのアイコンをドラッグすることでタリスマンアイテムを試着できます。	Drag Talisman icon to try on Talisman item.	Client/CMessageData_SysHelp	high	JP↔EN same record ID
2603	乗車中のバイクから下車します。下車するとバイクはその場で消失します。	Get off your bike.The bike will disappear.	Client/CMessageData_SysHelp	high	JP↔EN same record ID
1804	選択することで、３心合体で作成する悪魔を決定します。	Select to choose the demon to becreated with Triangle Fusion.	Client/CMessageData_SysHelp	high	JP↔EN same record ID
301	テーブルナンバー	Table Number	Client/CMessageData_SysHelp	high	JP↔EN same record ID
1108	バレットのアイコンをドラッグすることでバレットアイテムを試着できます。	Drag Bullet icon to try on Bullet item.	Client/CMessageData_SysHelp	high	JP↔EN same record ID
204	コミュニケーションメニューを呼び出します。	Call up Communication Menu.	Client/CMessageData_SysHelp	high	JP↔EN same record ID
517	レッグのアイコンをドラッグすることでレッグアイテムを装備できます。	Drag Leg icon to equip Leg item.	Client/CMessageData_SysHelp	high	JP↔EN same record ID
1305	プレイヤーキャラクターを左に回転します。再度押すと、止まります。	Rotate character to the left. Press again to stop.	Client/CMessageData_SysHelp	high	JP↔EN same record ID
1501	宝石のアイコンをドラッグすることで、魔晶変化を行えます。	Drag jewel icon to perform Crystallize Demon Tech.	Client/CMessageData_SysHelp	high	JP↔EN same record ID
513	ネックのアイコンをドラッグすることでネックアイテムを装備できます。	Drag Neck icon to equip Neck item.	Client/CMessageData_SysHelp	high	JP↔EN same record ID
1113	フェイスのアイコンをドラッグすることでフェイスアイテムを試着できます。	Drag Face icon to try on Face item.	Client/CMessageData_SysHelp	high	JP↔EN same record ID
801	右ドラッグもしくはPageUp/PageDown/Delete/Insertキーにてカメラを上下左右に回転できます。ホイールまたはHome/Endキーにてカメラを拡大・縮小できます。	Hold the right mouse button, or PageUp/PageDown/Delete/Insert keys to move the camera. Use the mouse wheel or Home/End to zoom in or out.	Client/CMessageData_SysHelp	high	JP↔EN same record ID
111	チームメンバーに向けて発言します。	Speak to team members.	Client/CMessageData_SysHelp	high	JP↔EN same record ID
1803	３心合体に参加しているメンバーのＣＯＭＰ内の悪魔から、素材にする悪魔を選択すると、この枠に入ります。	When selecting a demon from another member's COMP to use as a material, they will be displayed in this frame.	Client/CMessageData_SysHelp	high	JP↔EN same record ID
1116	バックのアイコンをドラッグすることでバックアイテムを試着できます。	Drag Back icon to try on Back item.	Client/CMessageData_SysHelp	high	JP↔EN same record ID
202	仲魔メニューを呼び出します。右クリックで仲魔リストを確認できます。	Call up the Demon Menu.Right click to confirm Demon List.	Client/CMessageData_SysHelp	high	JP↔EN same record ID
1101	右ドラッグもしくはPageUp/PageDown/Delete/Insertキーにてカメラを上下左右に回転できます。ホイールまたはHome/Endキーにてカメラを拡大・縮小できます。	Use right drag, or PageUp/PageDown/Delete/Insert keys to move the camera. Use the mouse wheel or Home/End to zoom in or out.	Client/CMessageData_SysHelp	high	JP↔EN same record ID
1102	カメラを上に移動します。	Move the camera Up.	Client/CMessageData_SysHelp	high	JP↔EN same record ID
1120	フットのアイコンをドラッグすることでフットアイテムを試着できます。	Drag Foot icon to try on Foot item.	Client/CMessageData_SysHelp	high	JP↔EN same record ID
107	現在のテキスト入力モードは「全角日本語モード」です。選択することで「半角アルファベットモード」に切り替えます。	"Current Input Mode is ""Japanese Mode"".Select to switch to ""Roman Alphabet""."	Client/CMessageData_SysHelp	high	JP↔EN same record ID
502	カメラを上に移動します。	Move the camera Up.	Client/CMessageData_SysHelp	high	JP↔EN same record ID
1107	ウェポンのアイコンをドラッグすることでウェポンアイテムを試着できます。	Drag Weapon icon to try on Weapon item.	Client/CMessageData_SysHelp	high	JP↔EN same record ID
1805	選択することで、その悪魔の詳細情報を表示します。	Select to display Demon's details.	Client/CMessageData_SysHelp	high	JP↔EN same record ID
509	タリスマンのアイコンをドラッグすることでタリスマンアイテムを装備できます。	Drag Talisman icon to equip Talisman item.	Client/CMessageData_SysHelp	high	JP↔EN same record ID
602	UP設定に変更します。エキスパートをUP設定にすると成長条件を満たすことでエキスパートポイントは上昇します。	Change setting to UP. When Proficiency is set to UP,Proficiency points will increase when meeting growth requirements.	Client/CMessageData_SysHelp	high	JP↔EN same record ID
1401	アイテムが売れた場合、出品価格からこの金額を差し引いたぶんが、バザーポストに振り込まれます。	When an item is sold, the display price minus this amount is depositedin your Bazaar Mailbox.	Client/CMessageData_SysHelp	high	JP↔EN same record ID
504	カメラの位置をリセットします。	Reset the Camera position.	Client/CMessageData_SysHelp	high	JP↔EN same record ID
1303	プレイヤーキャラクターからズームアウトします。	Zoom-out from Character.	Client/CMessageData_SysHelp	high	JP↔EN same record ID
1117	ハンドのアイコンをドラッグすることでハンドアイテムを試着できます。	Drag Hand icon to try on Hand item.	Client/CMessageData_SysHelp	high	JP↔EN same record ID
1903	エンブレムのカラーの明るさを切り替えます。	Change the Emblem's brightness.	Client/CMessageData_SysHelp	high	JP↔EN same record ID
2301	仲魔にロックがかかっていません。召喚した状態でクリックすると、ロックをかけることができます。	Demon is unlocked.Click this button while itis summoned to lock it.	Client/CMessageData_SysHelp	high	JP↔EN same record ID
702	タブを１個右にスライドします。	Slide 1 tab to the right.	Client/CMessageData_SysHelp	high	JP↔EN same record ID
109	クランメンバーに向けて発言します。	Speak to a Clan member.	Client/CMessageData_SysHelp	high	JP↔EN same record ID
201	ＰＣ詳細メニューを呼び出します。右クリックでステータスや装備を確認できます。	Call up PC Details Menu. Right-click to check status, equipment, etc.	Client/CMessageData_SysHelp	high	JP↔EN same record ID
803	カメラを左に移動します。	Move Camera Left	Client/CMessageData_SysHelp	high	JP↔EN same record ID
205	システムメニューを呼び出します。	Call up System Menu.	Client/CMessageData_SysHelp	high	JP↔EN same record ID
902	パーティのドロップルールを「ランダムルート」にします。パーティメンバー内のランダムで１人、アイテムを取得できるようになります。	"Set Party Loot Rule to""Random Loot"".One Party Member will randomly be able to obtain items."	Client/CMessageData_SysHelp	high	JP↔EN same record ID
802	カメラを右に移動します。	Move Camera Right	Client/CMessageData_SysHelp	high	JP↔EN same record ID
518	フットのアイコンをドラッグすることでフットアイテムを装備できます。	Drag Foot icon to equip Foot item.	Client/CMessageData_SysHelp	high	JP↔EN same record ID
1118	ＣＯＭＰのアイコンをドラッグすることでＣＯＭＰアイテムを試着できます。	Drag COMP icon to try on COMP item.	Client/CMessageData_SysHelp	high	JP↔EN same record ID
2602	バイクのブーストモードをＯＦＦにします。※ブーストモード時は他のマップへの移動不可	Turn off your bike's boost mode.*You can not move to other maps in boost mode	Client/CMessageData_SysHelp	high	JP↔EN same record ID
2403	１ページ戻ります。	Go back 1 page.	Client/CMessageData_SysHelp	high	JP↔EN same record ID
1	アイコンをドラッグすることで、ショートカットに登録できます。	Drag an icon to create a shortcut.	Client/CMessageData_SysHelp	high	JP↔EN same record ID
1103	カメラを下に移動します。	Move the camera Down.	Client/CMessageData_SysHelp	high	JP↔EN same record ID
903	パーティのドロップルールを「フリールート」にします。パーティメンバー全員、アイテムを取得できるようになります。	"Set Party Loot Rule to""Free-for-All"".All Party Members will be able to obtain items."	Client/CMessageData_SysHelp	high	JP↔EN same record ID
206	ポストを呼び出し、送付されたアイテムを受け取りできます。	Call up Mailbox. Pick up mailed items.	Client/CMessageData_SysHelp	high	JP↔EN same record ID
1901	エンブレムをおまかせカラーにします。再度選択することで、１つ前のおまかせカラーに切り替えます。	Set Emblem to default color. Press again to choose the previous default color.	Client/CMessageData_SysHelp	high	JP↔EN same record ID
508	イヤリングのアイコンをドラッグすることでイヤリングアイテムを装備できます。	Drag Earring icon to equip Earring item.	Client/CMessageData_SysHelp	high	JP↔EN same record ID
1109	リングのアイコンをドラッグすることでリングアイテムを試着できます。	Drag Ring icon to try on Ring item.	Client/CMessageData_SysHelp	high	JP↔EN same record ID
505	ウェポンのアイコンをドラッグすることでウェポンアイテムを装備できます。	Drag Weapon icon to equip Weapon item.	Client/CMessageData_SysHelp	high	JP↔EN same record ID
507	リングのアイコンをドラッグすることでリングアイテムを装備できます。	Drag Ring icon to equip Ring item.	Client/CMessageData_SysHelp	high	JP↔EN same record ID
1304	プレイヤーキャラクターを右に回転します。再度押すと、止まります。	Rotate character to the right. Press again to stop.	Client/CMessageData_SysHelp	high	JP↔EN same record ID
514	バックのアイコンをドラッグすることでバックアイテムを装備できます。	Drag Back icon to equip Back item.	Client/CMessageData_SysHelp	high	JP↔EN same record ID
1302	プレイヤーキャラクターにズームインします。	Zoom-in on Character.	Client/CMessageData_SysHelp	high	JP↔EN same record ID
1605	月影鏡のアイコンをドラッグすることで、魂合術の成功確率を増加させます。その際に月影鏡は失われます。	Drag Mirror of Moonlight iconto increase success rate of Soul Stone Fusion. Mirror of Moonlight is lost.	Client/CMessageData_SysHelp	high	JP↔EN same record ID
601	LOCK設定に変更します。エキスパートをLOCK設定にすると成長条件を満たしてもエキスパートポイントは上昇しません。	Change setting to LOCK. When Proficiency is set to LOCK,Proficiency points will not increase, even when meeting growth requirements.	Client/CMessageData_SysHelp	high	JP↔EN same record ID
2202	受諾中の依頼内容を確認できます。	Check the contents of the request.	Client/CMessageData_SysHelp	high	JP↔EN same record ID
510	ヘッドのアイコンをドラッグすることでヘッドアイテムを装備できます。	Drag Head icon to equip Head item.	Client/CMessageData_SysHelp	high	JP↔EN same record ID
2101	戻る	Back	Client/CMessageData_SysHelp	high	JP↔EN same record ID
2404	１ページ進みます。	Go forward 1 page.	Client/CMessageData_SysHelp	high	JP↔EN same record ID
1112	ヘッドのアイコンをドラッグすることでヘッドアイテムを試着できます。	Drag Head icon to try on Head item.	Client/CMessageData_SysHelp	high	JP↔EN same record ID
2402	先頭ページへ戻ります。	Go to the first page.	Client/CMessageData_SysHelp	high	JP↔EN same record ID
1802	自分のＣＯＭＰ内の悪魔から、素材にする悪魔を選択すると、この枠に入ります。	When selecting a demon from your COMP to use as a material, they will be displayed in this frame.	Client/CMessageData_SysHelp	high	JP↔EN same record ID
1002	タブを１個右にスライドします。	Slide tab one to the right.	Client/CMessageData_SysHelp	high	JP↔EN same record ID
102	同じゾーンのプレイヤーキャラクターに向けて発言します。	Speak to a character in the same zone.	Client/CMessageData_SysHelp	high	JP↔EN same record ID
701	タブを１個左にスライドします。	Slide 1 tab to the left.	Client/CMessageData_SysHelp	high	JP↔EN same record ID
203	所持アイテム・原料タンク・地図・貴重品を確認できます。	Check Items, Fuel Tank, Map, Valuables.	Client/CMessageData_SysHelp	high	JP↔EN same record ID
303	テーブルを１個後のナンバーの物に切り替えます。	Switch to the next Table.	Client/CMessageData_SysHelp	high	JP↔EN same record ID
515	ハンドのアイコンをドラッグすることでハンドアイテムを装備できます。	Drag Hand icon to equip Hand item.	Client/CMessageData_SysHelp	high	JP↔EN same record ID
1106	プレイヤーキャラクターのパラメーターを表示無しにします。	Set Character's Parameter to Display:Off.	Client/CMessageData_SysHelp	high	JP↔EN same record ID
110	ＶＥＲＳＵＳの味方メンバーに向けて発言します。	Speak to allied VERSUS members.	Client/CMessageData_SysHelp	high	JP↔EN same record ID
2501	調合レシピリストを開きます。	Open the recipe list.	Client/CMessageData_SysHelp	high	JP↔EN same record ID
901	パーティのドロップルールを「ダメージレース」にします。敵に多くのダメージを与えたパーティメンバーほど、アイテムを取得できやすくなります。	"Set Party Loot Rule to""Damage-Based"".The more damage you do to the enemythe easier it is to obtain items."	Client/CMessageData_SysHelp	high	JP↔EN same record ID
105	チャットオプションを呼び出します。	Call up Chat Options.	Client/CMessageData_SysHelp	high	JP↔EN same record ID
1601	魔晶・魂合石のアイコンをドラッグすることで、魂合術で消費するアイテムを選択できます。失敗した場合、魔晶・魂合石は失われます。	Drag Demon Crystal/Soul Stone icon to select item to consume in Soul Stone Fusion. When tech fails, the Crystal/Soul Stone is lost.	Client/CMessageData_SysHelp	high	JP↔EN same record ID
804	カメラの位置をリセットします。	Reset Camera position.	Client/CMessageData_SysHelp	high	JP↔EN same record ID
511	フェイスのアイコンをドラッグすることでフェイスアイテムを装備できます。	Drag Face icon to equip Face item.	Client/CMessageData_SysHelp	high	JP↔EN same record ID
1121	エクストラのアイコンをドラッグすることでエクストラアイテムを試着できます。	Drag Extra icon to try on Extra item.	Client/CMessageData_SysHelp	high	JP↔EN same record ID
1801	３心合体に参加しているメンバーです。選択することで、そのメンバーのＣＯＭＰ内の悪魔を表示します。	The members who will participate inthis Triangle Fusion. Select to viewthe demons in each member's COMP.	Client/CMessageData_SysHelp	high	JP↔EN same record ID
1602	装備品のアイコンをドラッグすることで、魂合術で変化させるアイテムを選択できます。	Drag Equipment icon to select equipmentto alter in Soul Stone Fusion	Client/CMessageData_SysHelp	high	JP↔EN same record ID
101	近くのプレイヤーキャラクターに向けて発言します。	Speak to a nearby character.	Client/CMessageData_SysHelp	high	JP↔EN same record ID
503	オートヒール　「オートヒール」を行います。 　自分のＨＰやＭＰが減少した時、　「傷薬」や「チャクラチップ」などの　 回復アイテムを自動的に使います。	Autoheal  Allow for use of Autoheal.  Player automatically recovers  HP and MP when they drop using  items such as Ointments and  Chakra Gum.	Client/CMessageData_basicCommandHelp	high	JP↔EN same record ID
106	騎乗解除　騎乗中のパートナーから降ります。　移動スピードは元の速さに戻ります。	Dismount  Dismount your summoned partner.  Movement speed returns to normal.	Client/CMessageData_basicCommandHelp	high	JP↔EN same record ID
337	感激　「感激」のエモートを行います。	"Excited  Perform the ""Excited"" Emote."	Client/CMessageData_basicCommandHelp	high	JP↔EN same record ID
341	おやすみ「おやすみ」のボイスエモートを行います。　紫（ＣＶ.花澤香菜）	"Good-night  Perform the ""Good-night"" Voice Emote.  Murasaki (CV: Kana Hanazawa)"	Client/CMessageData_basicCommandHelp	high	JP↔EN same record ID
401	じゃんけん【グー】　「じゃんけん【グー】」の　 エモートを行います。 　現実では石が一番強い気がする。	"Rock (RPS)  Throw out ""Rock"" in a  best-of-three game of  Rock-Paper-Scissors."	Client/CMessageData_basicCommandHelp	high	JP↔EN same record ID
406	ターン　「ターン」のエモートを行います。　 気になるアイツにアツい視線？　 ノンノン！ここは華麗に猛烈ターン！	"Twirl  Perform the ""Twirl"" Emote.  Grab everyone's attention  with a graceful twirl!"	Client/CMessageData_basicCommandHelp	high	JP↔EN same record ID
307	号令　「号令」のエモートを行います。	"Cheer  Perform the ""Cheer"" Emote."	Client/CMessageData_basicCommandHelp	high	JP↔EN same record ID
331	笑う「笑う」のボイスエモートを行います。　朧（ＣＶ.沢城みゆき）	"Laugh  Perform the ""Laugh"" Voice Emote.  Oboro (CV: Miyuki Sawashiro)"	Client/CMessageData_basicCommandHelp	high	JP↔EN same record ID
103	話し掛ける　パートナーに話し掛けます。	Chat  Talk to your Partner.	Client/CMessageData_basicCommandHelp	high	JP↔EN same record ID
309	みんなで踊る　「みんなで踊る」のエモートを行います。	"Dance  Perform the ""Dance"" Emote."	Client/CMessageData_basicCommandHelp	high	JP↔EN same record ID
318	了解「了解」のボイスエモートを行います。　ＣＶ.沢城みゆき	"Understanding Consent  Perform the ""Understanding Consent"" Voice Emote.  CV: Miyuki Sawashiro"	Client/CMessageData_basicCommandHelp	high	JP↔EN same record ID
320	おめでとう「おめでとう」の　ボイスエモートを行います。　朧（ＣＶ.沢城みゆき）	"Congrats  Perform the ""Congrats"" Voice Emote  Oboro (CV: Miyuki Sawashiro)"	Client/CMessageData_basicCommandHelp	high	JP↔EN same record ID
308	気合　「気合」のエモートを行います。	"Fired Up  Perform the ""Fired Up"" Emote."	Client/CMessageData_basicCommandHelp	high	JP↔EN same record ID
343	さよなら「さよなら」のボイスエモートを行います。　紫（ＣＶ.花澤香菜）	"Farewell  Perform the ""Farewell"" Voice Emote.  Murasaki (CV: Kana Hanazawa)"	Client/CMessageData_basicCommandHelp	high	JP↔EN same record ID
311	さよなら　「さよなら」のエモートを行います。	"Farewell  Perform the ""Farewell"" Emote."	Client/CMessageData_basicCommandHelp	high	JP↔EN same record ID
410	ツイスト　「ツイスト」のエモートを行います。　 さぁ、みんなでノリノリダンシング！	"Twist  Perform the ""Twist"" Emote.　 Come on, let's all dance together!"	Client/CMessageData_basicCommandHelp	high	JP↔EN same record ID
326	気合「気合」のボイスエモートを行います。　朧（ＣＶ.沢城みゆき）	"Fired Up  Perform the ""Fired Up"" Voice Emote.  Oboro (CV: Miyuki Sawashiro)"	Client/CMessageData_basicCommandHelp	high	JP↔EN same record ID
370	拍手「拍手」のボイスエモートを行います。　葵（ＣＶ.ゆかな）	"Applaud  Perform the ""Applaud"" Voice Emote.  Aoi (CV: Yukana)"	Client/CMessageData_basicCommandHelp	high	JP↔EN same record ID
333	賛同「賛同」のボイスエモートを行います。　朧（ＣＶ.沢城みゆき）	"Agree  Perform the ""Agree"" Voice Emote.  Oboro (CV: Miyuki Sawashiro)"	Client/CMessageData_basicCommandHelp	high	JP↔EN same record ID
108	ねだる　パートナーに無理を言い、　アイテムを強引に取り上げるコマンド。　自分自身の仲魔に対して、　親密度を減少させるが、　代わりに、プレゼントを貰う事ができる。　召喚中のパートナーからプレゼントを　もらえるかわりに、親密度が大きく　減少してしまいます。　このコマンドは、　親密度が「心を通わせる」以上の　仲魔にのみ使用でき、1度使用すると、　3時間経過するまで、再使用できない。	Mooch  Beg, cajole and blackmail a partner  into giving you an item.  Receive a gift from a summoned  partner while greatly decreasing  the Friendship Level with that partner.    *Can be used once eve	Client/CMessageData_basicCommandHelp	high	JP↔EN same record ID
356	おめでとう「おめでとう」の　ボイスエモートを行います。　葵（ＣＶ.ゆかな）	"Congrats  Perform the ""Congrats"" Voice Emote.  Aoi (CV: Yukana)"	Client/CMessageData_basicCommandHelp	high	JP↔EN same record ID
302	お礼　「お礼」のエモートを行います。	"Gratitude  Perform the ""Gratitude"" Emote."	Client/CMessageData_basicCommandHelp	high	JP↔EN same record ID
344	よろしく「よろしく」のボイスエモートを行います。　紫（ＣＶ.花澤香菜）	"Regards  Perform the ""Regards"" Voice Emote.  Murasaki (CV: Kana Hanazawa)"	Client/CMessageData_basicCommandHelp	high	JP↔EN same record ID
501	オートアタック　「オートアタック」を行います。　 ターゲットしている敵に対して自動的に　「アタック」を行い、ターゲットしている　 敵から自動的に身を守ります。	Autoattack  Allow for use of Autoattack.  Player automatically attacks and  defends themselves from enemies  targeted by the Player.	Client/CMessageData_basicCommandHelp	high	JP↔EN same record ID
10	戦利品自動取得　戦利品の自動取得が有効です。	Auto Loot Recovery  Auto Loot Recovery is enabled.	Client/CMessageData_basicCommandHelp	high	JP↔EN same record ID
342	お礼「お礼」のボイスエモートを行います。　紫（ＣＶ.花澤香菜）	"Gratitude  Perform the ""Gratitude"" Voice Emote.  Murasaki (CV: Kana Hanazawa)"	Client/CMessageData_basicCommandHelp	high	JP↔EN same record ID
409	クラッカー　「クラッカー」のエモートを行います。　 鳴らせばみんなが楽しくなる。	"Party Popper  Perform the ""Party Popper"" Emote.　 Everyone will have fun when they hear this."	Client/CMessageData_basicCommandHelp	high	JP↔EN same record ID
8	悪魔変装　一時的に悪魔に変装します。	Demon Disguise  Disguise as Demon temporarily.	Client/CMessageData_basicCommandHelp	high	JP↔EN same record ID
12	遠隔アイテム倉庫　アイテム倉庫を遠隔操作して、　呼び出します。	Remote Deposit  Remotely use an Item Depository.	Client/CMessageData_basicCommandHelp	high	JP↔EN same record ID
365	号令「号令」のボイスエモートを行います。　葵（ＣＶ.ゆかな）	"Cheer  Perform the ""Cheer"" Voice Emote.  Aoi (CV: Yukana)"	Client/CMessageData_basicCommandHelp	high	JP↔EN same record ID
332	断る「断る」のボイスエモートを行います。　朧（ＣＶ.沢城みゆき）	"Decline  Perform the ""Decline"" Voice Emote.  Oboro (CV: Miyuki Sawashiro)"	Client/CMessageData_basicCommandHelp	high	JP↔EN same record ID
304	泣く　「泣く」のエモートを行います。	"Cry  Perform the ""Cry"" Emote."	Client/CMessageData_basicCommandHelp	high	JP↔EN same record ID
364	泣く「泣く」のボイスエモートを行います。　葵（ＣＶ.ゆかな）	"Cry  Perform the ""Cry"" Voice Emote.  Aoi (CV: Yukana)"	Client/CMessageData_basicCommandHelp	high	JP↔EN same record ID
363	起きて「起きて」のボイスエモートを行います。　葵（ＣＶ.ゆかな）	"Wake-up  Perform the ""Wake-up"" Voice Emote.  Aoi (CV: Yukana)"	Client/CMessageData_basicCommandHelp	high	JP↔EN same record ID
104	パートナーに切り替え　パートナーに操作を切り替えます。	Switch to Partner  Switch to Partner control.	Client/CMessageData_basicCommandHelp	high	JP↔EN same record ID
404	サイコロ　「サイコロ」を振るエモートを行います。 　おイタをすると痛い目みますよ。	Roll a Die  Roll a 6-sided die.  Don't throw it at other  players!	Client/CMessageData_basicCommandHelp	high	JP↔EN same record ID
402	じゃんけん【チョキ】　「じゃんけん【チョキ】」の　 エモートを行います。 　出し方によっては田舎者扱いされる。	"Scissors (RPS)  Throw out ""Scissors"" in a  best-of-three game of  Rock-Paper-Scissors."	Client/CMessageData_basicCommandHelp	high	JP↔EN same record ID
319	さよなら「さよなら」のボイスエモートを行います。　ＣＶ.沢城みゆき	"Farewell  Perform the ""Farewell"" Voice Emote.  CV: Miyuki Sawashiro"	Client/CMessageData_basicCommandHelp	high	JP↔EN same record ID
301	あいさつ　「あいさつ」のエモートを行います。	"Greeting  Perform the ""Greeting"" Emote."	Client/CMessageData_basicCommandHelp	high	JP↔EN same record ID
11	戦利品自動取得　戦利品の自動取得が無効です。	Auto Loot Recovery  Auto Loot Recovery is disabled.	Client/CMessageData_basicCommandHelp	high	JP↔EN same record ID
314	キス　「キス」のエモートを行います。	"Kiss  Perform the ""Kiss"" Emote."	Client/CMessageData_basicCommandHelp	high	JP↔EN same record ID
204	ブラックリスト登録　ターゲットをブラックリストに　登録します。	Register to Blacklist  Register the target to  your Blacklist.	Client/CMessageData_basicCommandHelp	high	JP↔EN same record ID
368	断る「断る」のボイスエモートを行います。　葵（ＣＶ.ゆかな）	"Decline  Perform the ""Decline"" Voice Emote.  Aoi (CV: Yukana)"	Client/CMessageData_basicCommandHelp	high	JP↔EN same record ID
327	起きて「起きて」のボイスエモートを行います。　朧（ＣＶ.沢城みゆき）	"Wake-up  Perform the ""Wake-up"" Voice Emote.  Oboro (CV: Miyuki Sawashiro)"	Client/CMessageData_basicCommandHelp	high	JP↔EN same record ID
111	思いやる３　パートナーとして常に共に在る仲魔へと、　感謝と愛情を形にするコマンド。　自分自身の仲魔に対して、　親密度が上昇する。　更に、仲魔の親密度が高い場合、　プレゼントを貰える事がある。　このコマンドは、1度使用すると、　20時間経過するまで、再使用できない。	Care 3  Show appreciation and affection  to your summoned partner.  Your summoned partner's Friendship  Level increases.  *Can be used once every 20 hours.	Client/CMessageData_basicCommandHelp	high	JP↔EN same record ID
336	肩組み　「肩組み」のエモートを行います。	"Shoulder-to-shoulder  Perform the ""Shoulder-to-shoulder"" Emote."	Client/CMessageData_basicCommandHelp	high	JP↔EN same record ID
328	泣く「泣く」のボイスエモートを行います。　朧（ＣＶ.沢城みゆき）	"Cry  Perform the ""Cry"" Voice Emote.  Oboro (CV: Miyuki Sawashiro)"	Client/CMessageData_basicCommandHelp	high	JP↔EN same record ID
403	じゃんけん【パー】　「じゃんけん【パー】」の　 エモートを行います。　 相手に張り手をしないようにしましょう。	"Paper (RPS)  Throw out ""Paper"" in a  best-of-three game of  Rock-Paper-Scissors."	Client/CMessageData_basicCommandHelp	high	JP↔EN same record ID
202	パーティ勧誘　ターゲットをパーティに勧誘します。	Party Invite  Invite the target to your Party.	Client/CMessageData_basicCommandHelp	high	JP↔EN same record ID
7	リロード　同じ種類でスタック数のより多い弾丸に　装備を変更します。	Reload  Equip the largest stack of   the same type of bullets used.	Client/CMessageData_basicCommandHelp	high	JP↔EN same record ID
107	思いやる　パートナーとして常に共に在る仲魔へと、　感謝と愛情を形にするコマンド。　自分自身の仲魔に対して、　親密度が上昇する。　更に、仲魔の親密度が高い場合、　プレゼントを貰える事がある。　このコマンドは、1度使用すると、　20時間経過するまで、再使用できない。	Care  Show appreciation and affection  to your summoned partner.  Your summoned partner's Friendship  Level increases.  *Can be used once every 20 hours.	Client/CMessageData_basicCommandHelp	high	JP↔EN same record ID
345	あいさつ「あいさつ」のボイスエモートを行います。　紫（ＣＶ.花澤香菜）	"Greeting  Perform the ""Greeting"" Voice Emote.  Murasaki (CV: Kana Hanazawa)"	Client/CMessageData_basicCommandHelp	high	JP↔EN same record ID
353	賛同「賛同」のボイスエモートを行います。　紫（ＣＶ.花澤香菜）	"Agree  Perform the ""Agree"" Voice Emote.  Murasaki (CV: Kana Hanazawa)"	Client/CMessageData_basicCommandHelp	high	JP↔EN same record ID
502	オートサーチ　「オートサーチ」を行います。　 周囲にいる敵を見つけ出し、　 ターゲットとして定めます。	Autosearch  Allow for use of Autosearch.  Player automatically searches  for enemies in the vicinity  and locks onto them.	Client/CMessageData_basicCommandHelp	high	JP↔EN same record ID
2	立つ　休憩を止めて立ち上がります。　ＨＰ・ＭＰの自然回復のスピードは　元の速さに戻ります。	Stand  End your break and get back to work.   HP and MP regeneration rate   returns to normal.	Client/CMessageData_basicCommandHelp	high	JP↔EN same record ID
14	自動回復　「自動回復」を行います。　自分のＨＰやＭＰが減少した時、　自動回復設定で設定された　回復アイテムを自動的に使います。　自動回復は無効です。	Autocure  Allow for use of Autocure.  Player automatically recovers  HP and MP when they drop using  items specified by the Player.    Autocure is disabled.	Client/CMessageData_basicCommandHelp	high	JP↔EN same record ID
371	了解「了解」のボイスエモートを行います。　葵（ＣＶ.ゆかな）	"Understanding Consent  Perform the ""Understanding Consent"" Voice Emote.  Aoi (CV: Yukana)"	Client/CMessageData_basicCommandHelp	high	JP↔EN same record ID
335	了解「了解」のボイスエモートを行います。　朧（ＣＶ.沢城みゆき）	"Understanding Consent  Perform the ""Understanding Consent"" Voice Emote.  Oboro (CV: Miyuki Sawashiro)"	Client/CMessageData_basicCommandHelp	high	JP↔EN same record ID
9	悪魔変装解除　悪魔変装を解除します。	Disable Demon Disguise  Disable temporary Demon Disguise.	Client/CMessageData_basicCommandHelp	high	JP↔EN same record ID
306	断る　「断る」のエモートを行います。	"Decline  Perform the ""Decline"" Emote."	Client/CMessageData_basicCommandHelp	high	JP↔EN same record ID
109	抱き寄せる　パートナーとして常に共に在る仲魔へと、　感謝と愛情を大胆に表現するコマンド。　自分自身の仲魔に対して、　親密度が上昇する。　更に、仲魔の親密度が高い場合、　プレゼントを貰える事がある。　このコマンドは、1度使用すると、　20時間経過するまで、再使用できない。	Hug  Show appreciation and affection  to your summoned partner.  Your summoned partner's Friendship  Level increases.  *Can be used once every 20 hours.	Client/CMessageData_basicCommandHelp	high	JP↔EN same record ID
366	指をさす「指をさす」のボイスエモートを行います。　葵（ＣＶ.ゆかな）	"Point a Finger  Perform the ""Point a Finger"" Voice Emote.  Aoi (CV: Yukana)"	Client/CMessageData_basicCommandHelp	high	JP↔EN same record ID
201	トレード申請　ターゲットにアイテムのトレードを　申請します。	Trade Request  Request a trade with  the target.	Client/CMessageData_basicCommandHelp	high	JP↔EN same record ID
321	おやすみ「おやすみ」のボイスエモートを行います。　朧（ＣＶ.沢城みゆき）	"Good-night  Perform the ""Good-night"" Voice Emote.  Oboro (CV: Miyuki Sawashiro)"	Client/CMessageData_basicCommandHelp	high	JP↔EN same record ID
330	指をさす「指をさす」のボイスエモートを行います。　朧（ＣＶ.沢城みゆき）	"Point a Finger  Perform the ""Point a Finger"" Voice Emote.  Oboro (CV: Miyuki Sawashiro)"	Client/CMessageData_basicCommandHelp	high	JP↔EN same record ID
15	遠隔悪魔倉庫　悪魔倉庫を遠隔操作して、　呼び出します。	Remote Demon Depository  Remotely use Demon Depository	Client/CMessageData_basicCommandHelp	high	JP↔EN same record ID
205	クラン勧誘　ターゲットをクランに勧誘します。	Clan Invite  Invite the target to your Clan.	Client/CMessageData_basicCommandHelp	high	JP↔EN same record ID
305	了解　「了解」のエモートを行います。	"Understanding Consent  Performs the ""Consent"" Emote."	Client/CMessageData_basicCommandHelp	high	JP↔EN same record ID
315	握手　「握手」のエモートを行います。	"Handshake  Perform the ""Handshake"" Emote."	Client/CMessageData_basicCommandHelp	high	JP↔EN same record ID
405	コイントス　「コイントス」のエモートを行います。　「幸運は自分の手で掴みとるものさ」　 という口癖の男は、両面が表のコインを 　使用している詐欺師かもしれない。	Coin Toss  Flip a coin.  Don't forget to call  Head or Tail!	Client/CMessageData_basicCommandHelp	high	JP↔EN same record ID
354	拍手「拍手」のボイスエモートを行います。　紫（ＣＶ.花澤香菜）	"Applaud  Perform the ""Applaud"" Voice Emote.  Murasaki (CV: Kana Hanazawa)"	Client/CMessageData_basicCommandHelp	high	JP↔EN same record ID
362	気合「気合」のボイスエモートを行います。　葵（ＣＶ.ゆかな）	"Fired Up  Perform the ""Fired Up"" Voice Emote.  Aoi (CV: Yukana)"	Client/CMessageData_basicCommandHelp	high	JP↔EN same record ID
310	拍手　「拍手」のエモートを行います。	"Applaud  Perform the ""Applaud"" Emote."	Client/CMessageData_basicCommandHelp	high	JP↔EN same record ID
339	マッスルポーズ　「マッスルポーズ」のエモートを行います。	"Muscle Pose  Perform the ""Muscle Pose"" Emote."	Client/CMessageData_basicCommandHelp	high	JP↔EN same record ID
361	あいさつ「あいさつ」のボイスエモートを行います。　葵（ＣＶ.ゆかな）	"Greeting  Perform the ""Greeting"" Voice Emote.  Aoi (CV: Yukana)"	Client/CMessageData_basicCommandHelp	high	JP↔EN same record ID
367	笑う「笑う」のボイスエモートを行います。　葵（ＣＶ.ゆかな）	"Laugh  Perform the ""Laugh"" Voice Emote.  Aoi (CV: Yukana)"	Client/CMessageData_basicCommandHelp	high	JP↔EN same record ID
1	座る　地面に座って休憩します。　休憩中はＨＰ・ＭＰの自然回復の　スピードを速めます。	Sit  [AI P2] Sit on the ground and rest.  HP and MP regeneration rate is  increased.	Client/CMessageData_basicCommandHelp	high	JP↔EN same record ID
206	レンタル申請　ターゲットにアイテムのレンタルを　申請します。	Rental Request  Request to rent an item from  the target.	Client/CMessageData_basicCommandHelp	high	JP↔EN same record ID
351	笑う「笑う」のボイスエモートを行います。　紫（ＣＶ.花澤香菜）	"Laugh  Perform the ""Laugh"" Voice Emote.  Murasaki (CV: Kana Hanazawa)"	Client/CMessageData_basicCommandHelp	high	JP↔EN same record ID
317	お礼「お礼」のボイスエモートを行います。　ＣＶ.沢城みゆき	"Gratitude  Perform the ""Gratitude"" Voice Emote.  CV: Miyuki Sawashiro"	Client/CMessageData_basicCommandHelp	high	JP↔EN same record ID
358	お礼「お礼」のボイスエモートを行います。　葵（ＣＶ.ゆかな）	"Gratitude  Perform the ""Gratitude"" Voice Emote.  Aoi (CV: Yukana)"	Client/CMessageData_basicCommandHelp	high	JP↔EN same record ID
346	気合「気合」のボイスエモートを行います。　紫（ＣＶ.花澤香菜）	"Fired Up  Perform the ""Fired Up"" Voice Emote.  Murasaki (CV: Kana Hanazawa)"	Client/CMessageData_basicCommandHelp	high	JP↔EN same record ID
5	アクセス　ターゲットに攻撃したり、　話し掛けたり、調べたりします。	Access  Attack, Talk to,   or Investigate a target.	Client/CMessageData_basicCommandHelp	high	JP↔EN same record ID
316	あいさつ「あいさつ」のボイスエモートを行います。　ＣＶ.沢城みゆき	"Greeting  Perform the ""Greeting"" Voice Emote.  CV: Miyuki Sawashiro"	Client/CMessageData_basicCommandHelp	high	JP↔EN same record ID
3	自動移動　移動し続けます。	Automatic Move  Continue Movement.	Client/CMessageData_basicCommandHelp	high	JP↔EN same record ID
349	号令「号令」のボイスエモートを行います。　紫（ＣＶ.花澤香菜）	"Cheer  Perform the ""Cheer"" Voice Emote.  Murasaki (CV: Kana Hanazawa)"	Client/CMessageData_basicCommandHelp	high	JP↔EN same record ID
408	猿舞　「猿舞」のエモートを行います。　 またの名をモンキーダンスという。　 何世代か前に流行ったダンスが現代に　 甦る。あの興奮をもう一度どうぞ。	"Monkey Dance  Perform the ""Monkey Dance"" Emote.  Bananas are optional."	Client/CMessageData_basicCommandHelp	high	JP↔EN same record ID
312	指をさす　「指をさす」のエモートを行います。	"Point a Finger  Perform the ""Point a Finger"" Emote."	Client/CMessageData_basicCommandHelp	high	JP↔EN same record ID
407	バク宙　「バク宙」のエモートを行います。　 細かいことなんて気にせずに　 さぁ、みんなでＬｅｔ’ｓ　バク宙！！	"Backflip  Perform the ""Backflip"" Emote.  When life's getting you down,  do a 360 and start over!"	Client/CMessageData_basicCommandHelp	high	JP↔EN same record ID
347	起きて「起きて」のボイスエモートを行います。　紫（ＣＶ.花澤香菜）	"Wake-up  Perform the ""Wake-up"" Voice Emote.  Murasaki (CV: Kana Hanazawa)"	Client/CMessageData_basicCommandHelp	high	JP↔EN same record ID
4	追跡移動　ターゲットを追って、移動し続けます。	Track Move  Automatically follow a target.	Client/CMessageData_basicCommandHelp	high	JP↔EN same record ID
359	さよなら「さよなら」のボイスエモートを行います。　葵（ＣＶ.ゆかな）	"Farewell  Perform the ""Farewell"" Voice Emote.  Aoi (CV: Yukana)"	Client/CMessageData_basicCommandHelp	high	JP↔EN same record ID
322	お礼「お礼」のボイスエモートを行います。　朧（ＣＶ.沢城みゆき）	"Gratitude  Perform the ""Gratitude"" Voice Emote.  Oboro (CV: Miyuki Sawashiro)"	Client/CMessageData_basicCommandHelp	high	JP↔EN same record ID
338	地団駄　「地団駄」のエモートを行います。	"Stomp  Perform the ""Stomp"" Emote."	Client/CMessageData_basicCommandHelp	high	JP↔EN same record ID
334	拍手「拍手」のボイスエモートを行います。　朧（ＣＶ.沢城みゆき）	"Applaud  Perform the ""Applaud"" Voice Emote.  Oboro (CV: Miyuki Sawashiro)"	Client/CMessageData_basicCommandHelp	high	JP↔EN same record ID
102	待機命令　自分自身を追ってくるよう、　パートナーに命令します。	Standby Command  Order your partner  to follow your lead.	Client/CMessageData_basicCommandHelp	high	JP↔EN same record ID
348	泣く「泣く」のボイスエモートを行います。　紫（ＣＶ.花澤香菜）	"Cry  Perform the ""Cry"" Voice Emote.  Murasaki (CV: Kana Hanazawa)"	Client/CMessageData_basicCommandHelp	high	JP↔EN same record ID
203	フレンド申請　ターゲットにフレンド登録を申請します。	Friend Request  Request to register the target  as a Friend.	Client/CMessageData_basicCommandHelp	high	JP↔EN same record ID
303	笑う　「笑う」のエモートを行います。	"Laugh  Perform the ""Laugh"" Emote."	Client/CMessageData_basicCommandHelp	high	JP↔EN same record ID
110	思いやる２　パートナーとして常に共に在る仲魔へと、　感謝と愛情を形にするコマンド。　自分自身の仲魔に対して、　親密度が上昇する。　更に、仲魔の親密度が高い場合、　プレゼントを貰える事がある。　このコマンドは、1度使用すると、　20時間経過するまで、再使用できない。	Care 2  Show appreciation and affection  to your summoned partner.  Your summoned partner's Friendship  Level increases.  *Can be used once every 20 hours.	Client/CMessageData_basicCommandHelp	high	JP↔EN same record ID
324	よろしく「よろしく」のボイスエモートを行います。　朧（ＣＶ.沢城みゆき）	"Regards  Perform the ""Regards"" Voice Emote.  Oboro (CV: Miyuki Sawashiro)"	Client/CMessageData_basicCommandHelp	high	JP↔EN same record ID
323	さよなら「さよなら」のボイスエモートを行います。　朧（ＣＶ.沢城みゆき）	"Farewell  Perform the ""Farewell"" Voice Emote.  Oboro (CV: Miyuki Sawashiro)"	Client/CMessageData_basicCommandHelp	high	JP↔EN same record ID
355	了解「了解」のボイスエモートを行います。　紫（ＣＶ.花澤香菜）	"Understanding Consent  Perform the ""Understanding Consent"" Voice Emote.  Murasaki (CV: Kana Hanazawa)"	Client/CMessageData_basicCommandHelp	high	JP↔EN same record ID
313	ではまた　「ではまた」のエモートを行います。	"See You Again  Perform the ""See You Again"" Emote."	Client/CMessageData_basicCommandHelp	high	JP↔EN same record ID
369	賛同「賛同」のボイスエモートを行います。　葵（ＣＶ.ゆかな）	"Agree  Perform the ""Agree"" Voice Emote.  Aoi (CV: Yukana)"	Client/CMessageData_basicCommandHelp	high	JP↔EN same record ID
325	あいさつ「あいさつ」のボイスエモートを行います。　朧（ＣＶ.沢城みゆき）	"Greeting  Perform the ""Greeting"" Voice Emote.  Oboro (CV: Miyuki Sawashiro)"	Client/CMessageData_basicCommandHelp	high	JP↔EN same record ID
105	騎乗　召喚中のパートナーに騎乗します。　騎乗中は移動速度が上昇する代わりに、　専用アイテムの耐久値が減少します。	Mount  Mount a summoned partner.  While mounted, movement speed increases,  But your Intaglio Ring's durability decreases.	Client/CMessageData_basicCommandHelp	high	JP↔EN same record ID
352	断る「断る」のボイスエモートを行います。　紫（ＣＶ.花澤香菜）	"Decline  Perform the ""Decline"" Voice Emote.  Murasaki (CV: Kana Hanazawa)"	Client/CMessageData_basicCommandHelp	high	JP↔EN same record ID
13	自動回復　「自動回復」を行います。　自分のＨＰやＭＰが減少した時、　自動回復設定で設定された　回復アイテムを自動的に使います。　自動回復は有効です。	Autocure  Allow for use of Autocure.  Player automatically recovers  HP and MP when they drop using  items specified by the Player.    Autocure is enabled.	Client/CMessageData_basicCommandHelp	high	JP↔EN same record ID
340	おめでとう「おめでとう」の　ボイスエモートを行います。　紫（ＣＶ.花澤香菜）	"Congrats  Perform the ""Congrats"" Voice Emote.  Murasaki (CV: Kana Hanazawa)"	Client/CMessageData_basicCommandHelp	high	JP↔EN same record ID
357	おやすみ「おやすみ」のボイスエモートを行います。　葵（ＣＶ.ゆかな）	"Good-night  Perform the ""Good-night"" Voice Emote.  Aoi (CV: Yukana)"	Client/CMessageData_basicCommandHelp	high	JP↔EN same record ID
6	助けを求める　他のプレイヤーキャラクターに　助けを求めます。	Ask for Help  Ask another player  for help.	Client/CMessageData_basicCommandHelp	high	JP↔EN same record ID
329	号令「号令」のボイスエモートを行います。　朧（ＣＶ.沢城みゆき）	"Cheer  Perform the ""Cheer"" Voice Emote.  Oboro (CV: Miyuki Sawashiro)"	Client/CMessageData_basicCommandHelp	high	JP↔EN same record ID
350	指をさす「指をさす」のボイスエモートを行います。　紫（ＣＶ.花澤香菜）	"Point a Finger  Perform the ""Point a Finger"" Voice Emote.  Murasaki (CV: Kana Hanazawa)"	Client/CMessageData_basicCommandHelp	high	JP↔EN same record ID
360	よろしく「よろしく」のボイスエモートを行います。　葵（ＣＶ.ゆかな）	"Regards  Perform the ""Regards"" Voice Emote.  Aoi (CV: Yukana)"	Client/CMessageData_basicCommandHelp	high	JP↔EN same record ID
101	攻撃命令　自由に戦うよう、　パートナーに命令します。	Attack Command  Order your partner  to attack freely.	Client/CMessageData_basicCommandHelp	high	JP↔EN same record ID
31	仲魔の情報　仲魔の情報を呼び出します。	Demon Info  Call up Demon Info.	Client/CMessageData_IFCommandHelp	high	JP↔EN same record ID
40	ブラックリスト　ブラックリストを呼び出します。	Blacklist  Call up Blacklist.	Client/CMessageData_IFCommandHelp	high	JP↔EN same record ID
61	スキルコマンド　スキルコマンドの一覧を呼び出します。	Skill Command  Call up catalogue of Skill Command.	Client/CMessageData_IFCommandHelp	high	JP↔EN same record ID
57	パーティリスト　パーティリストを呼び出します。	Party List  Call up Party List.	Client/CMessageData_IFCommandHelp	high	JP↔EN same record ID
301	画面を元の状態に戻します。	Return screen to normal.	Client/CMessageData_IFCommandHelp	high	JP↔EN same record ID
59	アイテムショップ　アイテムショップを呼び出します。	Item Shop  Call up Item Shop.	Client/CMessageData_IFCommandHelp	high	JP↔EN same record ID
67	ヘルプウィンドウ　ヘルプウィンドウを呼び出します。	Help  Call up the Help List.	Client/CMessageData_IFCommandHelp	high	JP↔EN same record ID
38	パーティメンバーリスト　パーティメンバーリストを呼び出します。	Party Member List  Call up Party Member List.	Client/CMessageData_IFCommandHelp	high	JP↔EN same record ID
27	クエスト　クエストリストを呼び出します。	Quest  Display the Quest List.	Client/CMessageData_IFCommandHelp	high	JP↔EN same record ID
66	ＶＥＲＳＵＳチーム情報　ＶＥＲＳＵＳに参加するチームメンバーに　関する情報を表示します。	Versus Team  Call up the Team Menu.	Client/CMessageData_IFCommandHelp	high	JP↔EN same record ID
63	ＬＮＣ　ＬＮＣ表を呼び出します。	LNC  Call up LNC Display.	Client/CMessageData_IFCommandHelp	high	JP↔EN same record ID
23	貴重品リスト　貴重品リストを呼び出します。	Valuables List  Call up Valuables List.	Client/CMessageData_IFCommandHelp	high	JP↔EN same record ID
15	コミュニケーションメニュー　コミュニケーションメニューを　呼び出します。	Communication Menu  Call up Communications Menu.	Client/CMessageData_IFCommandHelp	high	JP↔EN same record ID
64	ＤＢ－ＮＥＴ　ＤＢ－ＮＥＴ（会員ページ）へ　アクセスします。	DB-NET  Accessing DB-NET  (Member Site)...	Client/CMessageData_IFCommandHelp	high	JP↔EN same record ID
24	地図リスト　地図リストを呼び出します。	Map List  Call up Map List.	Client/CMessageData_IFCommandHelp	high	JP↔EN same record ID
51	クランメンバーリスト　クランメンバーリストを呼び出します。	Clan Member list  Call up Clan Member List.	Client/CMessageData_IFCommandHelp	high	JP↔EN same record ID
17	チャンネル移動　移動先のチャンネルのリストを　呼び出します。	Channel Move  Call up Channel Move.	Client/CMessageData_IFCommandHelp	high	JP↔EN same record ID
16	システムメニュー　システムメニューを呼び出します。	System Menu  Call up System Menu.	Client/CMessageData_IFCommandHelp	high	JP↔EN same record ID
1	無し	None	Client/CMessageData_IFCommandHelp	high	JP↔EN same record ID
39	フレンドリスト　フレンドリストを呼び出します。	Friends List  Call up Friends List.	Client/CMessageData_IFCommandHelp	high	JP↔EN same record ID
62	エキスパート　エキスパートの一覧を呼び出します。	Expertise  Call up catalogue of Expertise.	Client/CMessageData_IFCommandHelp	high	JP↔EN same record ID
22	ポスト　ポストを呼び出します。	Mailbox  Call up Mailbox.	Client/CMessageData_IFCommandHelp	high	JP↔EN same record ID
56	トレードリスト　トレードリストを呼び出します。	Trade List  Call up Trade List.	Client/CMessageData_IFCommandHelp	high	JP↔EN same record ID
55	発着信リスト　発着信リストを呼び出します。	Sent/Recv Mesg List  Call up Sent/Recv Mesg List.	Client/CMessageData_IFCommandHelp	high	JP↔EN same record ID
25	地図　地図を呼び出します。	Map  Call up Map.	Client/CMessageData_IFCommandHelp	high	JP↔EN same record ID
13	仲魔リスト　仲魔リストを呼び出します。	Demon List  Call up Demon List.	Client/CMessageData_IFCommandHelp	high	JP↔EN same record ID
54	クエスト・エピソードリスト　クエスト・エピソードリストを　呼び出します。	Quest/Episode List  Call up Quest/Episode List.	Client/CMessageData_IFCommandHelp	high	JP↔EN same record ID
65	ＶＥＲＳＵＳ　ＶＥＲＳＵＳに関する各種情報を　表示します。	Versus  Call up Versus Menu.	Client/CMessageData_IFCommandHelp	high	JP↔EN same record ID
42	ゲーム終了　ログアウトして、ゲームを終了します。	Finish Game  Logout and quit game.	Client/CMessageData_IFCommandHelp	high	JP↔EN same record ID
26	エピソード　エピソードリストを呼び出します。	Episode  Display the Episode List.	Client/CMessageData_IFCommandHelp	high	JP↔EN same record ID
12	自分の情報　自分の情報を呼び出します。	Personal Info  Call up Personal Info.	Client/CMessageData_IFCommandHelp	high	JP↔EN same record ID
68	ペンタルファ　ペンタルファに関する各種情報を　表示します。	Pentalpha  Call up Pentalpha Info.	Client/CMessageData_IFCommandHelp	high	JP↔EN same record ID
43	オプション　オプションを呼び出します。	Options  Call up Options.	Client/CMessageData_IFCommandHelp	high	JP↔EN same record ID
41	キャラクター選択　ログアウトして、　キャラクター選択画面に戻ります。	Character Select  Logout and return to    the Character select screen.	Client/CMessageData_IFCommandHelp	high	JP↔EN same record ID
14	アイテムリスト　アイテムリストを呼び出します。	Item List  Call up Item List.	Client/CMessageData_IFCommandHelp	high	JP↔EN same record ID
60	キーコンフィグ　キーコンフィグを呼び出します。	Key Config  Call up Key Config.	Client/CMessageData_IFCommandHelp	high	JP↔EN same record ID
4009	御魂とお別れぇぇ…かなしぃぃ…オレもぉ…逝きそうだったぞぉぉ…	Faaaareweeell, Mitama... i'm saaaaad...I waaas goiiiing to diiieee... toooo...	Client/CMessageData_yorosiku	high	JP↔EN same record ID
1001	やれやれ、また一からやりなおしか。覚悟はいいな？　付き合ってもらうぞ。	Well, here we go again. I'm sorry to sayI'm not any less difficult than I was before.	Client/CMessageData_yorosiku	high	JP↔EN same record ID
6000	主よ、待たせたな……我の新たなる力、見せてしんぜよう……	I am sorry to have kept you waiting, master.My new powers shall greatly assist you.	Client/CMessageData_yorosiku	high	JP↔EN same record ID
5003	これでまた新たな力を得られますね。我が身、どこまでも貴方と参りましょう。	These powers are as much yours as they are mine.I will follow wherever you go.	Client/CMessageData_yorosiku	high	JP↔EN same record ID
2007	ウヒャヒャ！　ミッタマを感ジルうぅうぅ！	GWAAAHOOO! MIIITAAMAAAA!!	Client/CMessageData_yorosiku	high	JP↔EN same record ID
1007	グヒャヒャ！　リ・ユ・ニ・オーン！	GWAAAHOOO! REEEBIIIRTH!!	Client/CMessageData_yorosiku	high	JP↔EN same record ID
5000	再び高みを目指すのだな。よかろう、我もまた汝と共にあろう。	Aim for greatness, once more.I shall surely follow thee.	Client/CMessageData_yorosiku	high	JP↔EN same record ID
0	我、名を%sと申すなり。汝に従いて、覇道を往かん……	I am known as %s.I shall follow thee on the path to glory.	Client/CMessageData_yorosiku	high	JP↔EN same record ID
1006	おう、待たせたな！さっさとレベルを上げにいこうぜ！	Sorry to keep you waiting, kid!Now let's go bump up our levels!	Client/CMessageData_yorosiku	high	JP↔EN same record ID
6007	ウヒャヒャ！チチ、チッ、チッカラを感ジルうぅうぅ！	GWAAAHOOO!I CAN FEEL THE PO- POW- POWER!	Client/CMessageData_yorosiku	high	JP↔EN same record ID
101	予定とは違う悪魔が出来て&#10;しまったようじゃな。	Seemed like it's a different type of demon you've expected...	Client/CMessageData_yorosiku	high	JP↔EN same record ID
3006	おう、待たせたな！さっさとレベルを上げにいこうぜ！	Sorry to keep you waiting, kid!Now let's go bump up our levels!	Client/CMessageData_yorosiku	high	JP↔EN same record ID
2003	お待たせしました。この新たな力……貴方のために振るいましょう。	I have finally returned, master. These new powersare as much yours as they are mine.	Client/CMessageData_yorosiku	high	JP↔EN same record ID
3000	主よ、待たせたな……我の新たなる力、見せてしんぜよう……	I am sorry to have kept you waiting, master.My new powers shall greatly assist you.	Client/CMessageData_yorosiku	high	JP↔EN same record ID
10	オイラ、%s！今後とも、よろしくだホ！	Me is %s!Me glad to meet you, hee-ho!	Client/CMessageData_yorosiku	high	JP↔EN same record ID
8	オレサマハ、%s。コンゴトモ、ヨロシク……	I AM %s.WE WORK TOGETHER NOW...	Client/CMessageData_yorosiku	high	JP↔EN same record ID
4001	…使えぬ力など無用…次なる力ではこうはいかぬぞ。	...I don't need this power, it is unnecessary...Don't think it will work next time.	Client/CMessageData_yorosiku	high	JP↔EN same record ID
3009	なんとかぁぁ成功……みたいだぁぁ……成仏するかとぉ……思ったぞぉぉ……	I haaave been succeeessfuuul...I thiiink.I thooouuught I'd fiiind...salvaaation.	Client/CMessageData_yorosiku	high	JP↔EN same record ID
2002	バッチリよ、お・ま・た・せ♪言っとくけどアタシ、凄いわよ？	Here I am, sweetie, even more perfect than before!You'll be amazed at all the things I can do now!	Client/CMessageData_yorosiku	high	JP↔EN same record ID
1003	お待たせしました。この新たな力……貴方のために振るいましょう。	I have finally returned, master. These new powersare as much yours as they are mine.	Client/CMessageData_yorosiku	high	JP↔EN same record ID
2001	…これが新しい力か。思う存分ふるわせてもらおう。	Well, here we go again. I'm sorry to sayI'm not any less difficult than I was before.	Client/CMessageData_yorosiku	high	JP↔EN same record ID
2010	ヒーホー！　なんかスッキリしたホ。これからも一緒に頑張るホー！	Hee-ho! I think I needed that vacation!Now let's go back to adventuring!	Client/CMessageData_yorosiku	high	JP↔EN same record ID
1000	主よ、待たせたな……我の新たなる力、見せてしんぜよう……	I am sorry to have kept you waiting, master.My new powers shall greatly assist you.	Client/CMessageData_yorosiku	high	JP↔EN same record ID
4005	えへへ、ただいまっ。またあたしを強くしてね？	Yay! I'm back! What do you think?Would you please strengthen me again?	Client/CMessageData_yorosiku	high	JP↔EN same record ID
4003	これでまた新たな力を得られますね。我が身、どこまでも貴方と参りましょう。	These new powers are as much yours as they are mine.I will follow wherever you go.	Client/CMessageData_yorosiku	high	JP↔EN same record ID
5005	えへへ、ただいまっ。またあたしを強くしてね？	Yay! I'm back! What do you think?Would you please strengthen me again?	Client/CMessageData_yorosiku	high	JP↔EN same record ID
3003	お待たせしました。この新たな力……貴方のために振るいましょう。	I have finally returned, master. These new powersare as much yours as they are mine.	Client/CMessageData_yorosiku	high	JP↔EN same record ID
1010	ヒーホー！　なんかスッキリしたホ。これからも一緒に頑張るホー！	Hee-ho! I think I needed that vacation!Now let's go back to adventuring!	Client/CMessageData_yorosiku	high	JP↔EN same record ID
7	うぉれは%s！たった今からぁぁ、うぉまえと一緒ぉぉ！！	I... aaam... %s!!!From now on... yooou're with MEEEEE!!!	Client/CMessageData_yorosiku	high	JP↔EN same record ID
5007	ぎぃぃひゃあぁぁぁ！　チカラあああぁぁ？どこイッタあぁあああ？！	GWAAAHOOO! MY POWER?WHERE IIIIS IIIT?!	Client/CMessageData_yorosiku	high	JP↔EN same record ID
2	アタシ、%s。今後ともヨ・ロ・シ・クね♪	I'm %s.Aren't you lucky you met me?	Client/CMessageData_yorosiku	high	JP↔EN same record ID
5002	フッフ～ン、お・ま・た・せ♪次はもっと強い力、お願いね？	Here I am, sweetie♪Can you make me even stronger next time, please?♪	Client/CMessageData_yorosiku	high	JP↔EN same record ID
2008	ガウ……オレサマ　ウマレカワッタ！コレカラモ　ヨロシク！	GROOOAR!! ME FEEL LIKE NEW DEMON!ME CONTINUE SERVING MASTER!	Client/CMessageData_yorosiku	high	JP↔EN same record ID
4008	オレサマ、ミタマ、オミオクリ！オカワリ、ミタマ、マルカジリ！	ME SEE MITAMA!ME DEVOUR MITAMA!	Client/CMessageData_yorosiku	high	JP↔EN same record ID
2000	主よ、待たせたな……我の新たなる力、見せてしんぜよう……	I am sorry to have kept you waiting, master.My new powers shall greatly assist you.	Client/CMessageData_yorosiku	high	JP↔EN same record ID
6001	…これが新しい力か。思う存分ふるわせてもらおう。	Well, here we go again. I'm sorry to sayI'm not any less difficult than I was before.	Client/CMessageData_yorosiku	high	JP↔EN same record ID
2009	なんとかぁぁ成功……みたいだぁぁ……成仏するかとぉ……思ったぞぉぉ……	I haaave been succeeessfuuul...I thiiink.I thooouuught I'd fiiind...salvaaation.	Client/CMessageData_yorosiku	high	JP↔EN same record ID
1005	えへへ、ただいまっ。あたし、少しはオトナになったかな？	Yay! I'm back! What do you think?Do I look more grown-up now?	Client/CMessageData_yorosiku	high	JP↔EN same record ID
4000	再び高みを目指すのだな。よかろう、我もまた汝と共にあろう。	Aim for greatness, once more.I shall surely be together with thee.	Client/CMessageData_yorosiku	high	JP↔EN same record ID
3010	ヒーホー！　なんかスッキリしたホ。これからも一緒に頑張るホー！	Hee-ho! I think I needed that vacation!Now let's go back to adventuring!	Client/CMessageData_yorosiku	high	JP↔EN same record ID
9	うぅぅぅ…　%sだぁぁ…オマエに憑き従うぞぉぉぉ……	Ooooohhhh... I'ammmmm %s....I'mmmm coming with youuuuuu...	Client/CMessageData_yorosiku	high	JP↔EN same record ID
5004	うっわー！　体がかるーい！また新しい力をつけられそうだよ！	Uwa! My body feels lighter!I'll have to get used to this change in power!	Client/CMessageData_yorosiku	high	JP↔EN same record ID
5006	よっし、次だ次だ！オレは何度でも強くなるぜぇ！	Okay, again again!I will become stronger the next time!	Client/CMessageData_yorosiku	high	JP↔EN same record ID
120	私は名無し・・・&#10;そういう事だ。	I have no name...That's it.	Client/CMessageData_yorosiku	high	JP↔EN same record ID
4002	フッフ～ン、お・ま・た・せ♪次はもっと強い力、お願いね？	Here I am, sweetie♪Can you make me even stronger next time, please?♪	Client/CMessageData_yorosiku	high	JP↔EN same record ID
3001	…これが新しい力か。思う存分ふるわせてもらおう。	Well, here we go again. I'm sorry to sayI'm not any less difficult than I was before.	Client/CMessageData_yorosiku	high	JP↔EN same record ID
6002	バッチリよ、お・ま・た・せ♪言っとくけどアタシ、凄いわよ？	Here I am, sweetie, even more perfect than before!You'll be amazed at all the things I can do now!	Client/CMessageData_yorosiku	high	JP↔EN same record ID
1008	ガウ……オレサマ　ウマレカワッタ！コレカラモ　ヨロシク！	GROOOAR!! ME FEEL LIKE NEW DEMON!ME CONTINUE SERVING MASTER!	Client/CMessageData_yorosiku	high	JP↔EN same record ID
3007	ウヒャヒャ！　ミッタマを感ジルうぅうぅ！	GWAAAHOOO! MIIITAAMAAAA!!	Client/CMessageData_yorosiku	high	JP↔EN same record ID
3008	ガウ……オレサマ　ウマレカワッタ！コレカラモ　ヨロシク！	GROOOAR!! ME FEEL LIKE NEW DEMON!ME CONTINUE SERVING MASTER!	Client/CMessageData_yorosiku	high	JP↔EN same record ID
1	私の名は%s。よろしくたのむ……	Call me %s.Let's get going...	Client/CMessageData_yorosiku	high	JP↔EN same record ID
1004	見て見て、ボク強くなったかな？これからもよろしくね！	Look, look! I'm so much stronger than before!I'll be really useful to you, you'll see!	Client/CMessageData_yorosiku	high	JP↔EN same record ID
4004	うっわー！　体がかるーい！また新しい力をつけられそうだよ！	Uwa! My body feels lighter!I'll also have to get used to this new power!	Client/CMessageData_yorosiku	high	JP↔EN same record ID
2006	おう、待たせたな！さっさとレベルを上げにいこうぜ！	Sorry to keep you waiting, kid!Now let's go bump up our levels!	Client/CMessageData_yorosiku	high	JP↔EN same record ID
5	あたし、%s！これからヨロシクねぇ♪	I'm %s!We're going to have fun together!	Client/CMessageData_yorosiku	high	JP↔EN same record ID
5008	ガウ……オレサマ　マタウマレタ！コレカラモ　ヨロシク！	GROOOAR!! ME FEEL LIKE NEW DEMON!ME CONTINUE SERVING MASTER!	Client/CMessageData_yorosiku	high	JP↔EN same record ID
3	私の名は%s。今後とも、どうぞよろしくお願いします。	My name is %s.I look forward to working with you.	Client/CMessageData_yorosiku	high	JP↔EN same record ID
100	ふむ・・&#10;どうやら失敗のようじゃ。	Hmmm...apparently, it failed.	Client/CMessageData_yorosiku	high	JP↔EN same record ID
6008	ガウ……オレサマ　ウマレカワッタ！コレカラモ　ヨロシク！	GROOOAR!! ME FEEL LIKE NEW DEMON!ME CONTINUE SERVING MASTER!	Client/CMessageData_yorosiku	high	JP↔EN same record ID
5010	ヒホ♪　スッキリなんだホ！次はもっともっと頑張るホー！	Hee-ho! I think I needed that vacation!Now let's go back to an even harder adventure!	Client/CMessageData_yorosiku	high	JP↔EN same record ID
6005	えへへ、ただいまっ。あたし、少しはオトナになったかな？	Yay! I'm back! What do you think?Do I look more grown-up now?	Client/CMessageData_yorosiku	high	JP↔EN same record ID
4	ボク、%s！今後とも、よろしくね！	My name's %s!We're gonna make an awesome team!	Client/CMessageData_yorosiku	high	JP↔EN same record ID
1009	なんとかぁぁ成功……みたいだぁぁ……成仏するかとぉ……思ったぞぉぉ……	I haaave been succeeessfuuul...I thiiink.I thooouuught I'd fiiind...salvaaation.	Client/CMessageData_yorosiku	high	JP↔EN same record ID
1002	バッチリよ、お・ま・た・せ♪言っとくけどアタシ、凄いわよ？	Here I am, sweetie, even more perfect than before!You'll be amazed at all the things I can do now!	Client/CMessageData_yorosiku	high	JP↔EN same record ID
2005	えへへ、ただいまっ。あたし、少しはオトナになったかな？	Yay! I'm back! What do you think?Do I look more grown-up now?	Client/CMessageData_yorosiku	high	JP↔EN same record ID
5001	…使えぬ力など無用…次なる力ではこうはいかぬぞ。	...I don't need this power, it was unnecessary...Don't think it will work next time.	Client/CMessageData_yorosiku	high	JP↔EN same record ID
2004	見て見て、ボク強くなったかな？これからもよろしくね！	Look, look! I'm so much stronger than before!I'll be really useful to you, you'll see!	Client/CMessageData_yorosiku	high	JP↔EN same record ID
5009	チカラとお別れぇぇ…かなしぃぃ…オレもぉ…逝きそうだったぞぉぉ…	Faaaareweeell, power... i'm saaaaad...I waaas goiiiing to diiieee... toooo...	Client/CMessageData_yorosiku	high	JP↔EN same record ID
3004	見て見て、ボク強くなったかな？これからもよろしくね！	Look, look! I'm so much stronger than before!I'll be really useful to you, you'll see!	Client/CMessageData_yorosiku	high	JP↔EN same record ID
6004	見て見て、ボク強くなったかな？これからもよろしくね！	Look, look! I'm so much stronger than before!I'll be really useful to you, you'll see!	Client/CMessageData_yorosiku	high	JP↔EN same record ID
4006	よっし、次だ次だ！オレはまだまだ強くなるぜぇ！	Okay, again again!I'm going to become strong!	Client/CMessageData_yorosiku	high	JP↔EN same record ID
4010	ヒホ♪　スッキリなんだホ！次はもっともっと頑張るホー！	Hee-ho! I think I needed that vacation!Now let's go back to an even harder adventure!	Client/CMessageData_yorosiku	high	JP↔EN same record ID
3005	えへへ、ただいまっ。あたし、少しはオトナになったかな？	Yay! I'm back! What do you think?Do I look more grown-up now?	Client/CMessageData_yorosiku	high	JP↔EN same record ID
6006	おう、待たせたな！さっさと戦いにいこうぜ！	Sorry to keep you waiting, kid!Quick, lets get into a fight!	Client/CMessageData_yorosiku	high	JP↔EN same record ID
3002	バッチリよ、お・ま・た・せ♪言っとくけどアタシ、凄いわよ？	Here I am, sweetie, even more perfect than before!You'll be amazed at all the things I can do now!	Client/CMessageData_yorosiku	high	JP↔EN same record ID
6003	お待たせしました。この新たな力……貴方のために振るいましょう。	I have finally returned, master. These new powersare as much yours as they are mine.	Client/CMessageData_yorosiku	high	JP↔EN same record ID
6	オレの名は%s。よろしく頼むぜ！	Name's %s.Put 'er there!	Client/CMessageData_yorosiku	high	JP↔EN same record ID
6009	なんかぁぁ……つよくなったぁぁ……成仏するかとぉ……思ったぞぉぉ……	I haaave been succeeessfuuul...I thiiink.I thooouuught I'd fiiind...salvaaation.	Client/CMessageData_yorosiku	high	JP↔EN same record ID
4007	ぎぃぃひゃあぁぁぁ！　ミタマあああぁぁ？どこイッタあぁあああ？！	GWAAAHOOO! A MITAMAAAA?WHERE IIIIS IIIT?!	Client/CMessageData_yorosiku	high	JP↔EN same record ID
6010	ヒーホー！　なんかスッキリしたホ。これからも一緒に頑張るホー！	Hee-ho! I think I needed that vacation!Now let's go back to adventuring!	Client/CMessageData_yorosiku	high	JP↔EN same record ID
3611	邪教の館	Cathedral of Shadows	Shield/CEventMessageData	high	Reimagine EN hit; table EN=14 JP=25
3627	邪教の館	Cathedral of Shadows	Shield/CEventMessageData	high	Reimagine EN hit; table EN=14 JP=25
40100	邪教の館	Cathedral of Shadows	Shield/CEventMessageData	high	Reimagine EN hit; table EN=14 JP=25
151001	邪教の館	Cathedral of Shadows	Shield/CEventMessageData2	high	Reimagine EN hit; table EN=3 JP=3
250169	邪教の館	Cathedral of Shadows	Shield/CEventMessageData2	high	Reimagine EN hit; table EN=3 JP=3
250177	邪教の館	Cathedral of Shadows	Shield/CEventMessageData2	high	Reimagine EN hit; table EN=3 JP=3
3611	邪教の主	Master of the Cathedral of Shadows	Shield/CEventMessageData	high	Reimagine EN hit; table EN=4 JP=7
3627	邪教の主	Master of the Cathedral of Shadows	Shield/CEventMessageData	high	Reimagine EN hit; table EN=4 JP=7
162208	邪教の主	Master of the Cathedral of Shadows	Shield/CEventMessageData	high	Reimagine EN hit; table EN=4 JP=7
43200	山羊屋	Yagiya	Shield/CEventMessageData	high	Reimagine EN hit; table EN=52 JP=90
43202	山羊屋	Yagiya	Shield/CEventMessageData	high	Reimagine EN hit; table EN=52 JP=90
43233	山羊屋	Yagiya	Shield/CEventMessageData	high	Reimagine EN hit; table EN=52 JP=90
1183193	山羊屋	Yagiya	Shield/CEventMessageData2	high	Reimagine EN hit; table EN=74 JP=13
1183241	山羊屋	Yagiya	Shield/CEventMessageData2	high	Reimagine EN hit; table EN=74 JP=13
1183242	山羊屋	Yagiya	Shield/CEventMessageData2	high	Reimagine EN hit; table EN=74 JP=13
43200	ヤギ	Yagi	Shield/CEventMessageData	high	Reimagine EN hit; table EN=84 JP=14
43202	ヤギ	Yagi	Shield/CEventMessageData	high	Reimagine EN hit; table EN=84 JP=14
43233	ヤギ	Yagi	Shield/CEventMessageData	high	Reimagine EN hit; table EN=84 JP=14
1183193	ヤギ	Yagi	Shield/CEventMessageData2	high	Reimagine EN hit; table EN=82 JP=1
1183241	ヤギ	Yagi	Shield/CEventMessageData2	high	Reimagine EN hit; table EN=82 JP=1
1183242	ヤギ	Yagi	Shield/CEventMessageData2	high	Reimagine EN hit; table EN=82 JP=1
324	マッカ	Macca	Shield/CEventMessageData	high	Reimagine EN hit; table EN=297 JP=166
342	マッカ	Macca	Shield/CEventMessageData	high	Reimagine EN hit; table EN=297 JP=166
611	マッカ	Macca	Shield/CEventMessageData	high	Reimagine EN hit; table EN=297 JP=166
150116	マッカ	Macca	Shield/CEventMessageData2	high	Reimagine EN hit; table EN=63 JP=87
150117	マッカ	Macca	Shield/CEventMessageData2	high	Reimagine EN hit; table EN=63 JP=87
150118	マッカ	Macca	Shield/CEventMessageData2	high	Reimagine EN hit; table EN=63 JP=87
25209	マグネタイト	Magnetite	Shield/CEventMessageData	high	Reimagine EN hit; table EN=106 JP=33
25300	マグネタイト	Magnetite	Shield/CEventMessageData	high	Reimagine EN hit; table EN=106 JP=33
25303	マグネタイト	Magnetite	Shield/CEventMessageData	high	Reimagine EN hit; table EN=106 JP=33
1166124	マグネタイト	Magnetite	Shield/CEventMessageData2	high	Reimagine EN hit; table EN=12 JP=65
250024	マグネタイト	Magnetite	Shield/CEventMessageData2	high	Reimagine EN hit; table EN=12 JP=65
250025	マグネタイト	Magnetite	Shield/CEventMessageData2	high	Reimagine EN hit; table EN=12 JP=65
205137	マグ圧縮機	Mag Presser	Shield/CEventMessageData	medium	Reimagine EN hit; table EN=5 JP=0
205138	マグ圧縮機	Mag Presser	Shield/CEventMessageData	medium	Reimagine EN hit; table EN=5 JP=0
205266	マグ圧縮機	Mag Presser	Shield/CEventMessageData	medium	Reimagine EN hit; table EN=5 JP=0
100752	COMPショップ	COMP Shop	Shield/CEventMessageData	high	Reimagine EN hit; table EN=1 JP=1
247	ホームIII	Home III	Shield/CEventMessageData	medium	Reimagine EN hit; table EN=54 JP=0
280	ホームIII	Home III	Shield/CEventMessageData	medium	Reimagine EN hit; table EN=54 JP=0
539	ホームIII	Home III	Shield/CEventMessageData	medium	Reimagine EN hit; table EN=54 JP=0
1052848	ホームIII	Home III	Shield/CEventMessageData2	medium	Reimagine EN hit; table EN=13 JP=0
1052852	ホームIII	Home III	Shield/CEventMessageData2	medium	Reimagine EN hit; table EN=13 JP=0
150664	ホームIII	Home III	Shield/CEventMessageData2	medium	Reimagine EN hit; table EN=13 JP=0
1007	杉並	Suginami	Shield/CEventMessageData	high	Reimagine EN hit; table EN=100 JP=2
1008	杉並	Suginami	Shield/CEventMessageData	high	Reimagine EN hit; table EN=100 JP=2
1009	杉並	Suginami	Shield/CEventMessageData	high	Reimagine EN hit; table EN=100 JP=2
157514	杉並	Suginami	Shield/CEventMessageData2	medium	Reimagine EN hit; table EN=14 JP=0
157515	杉並	Suginami	Shield/CEventMessageData2	medium	Reimagine EN hit; table EN=14 JP=0
1076009	杉並	Suginami	Shield/CEventMessageData2	medium	Reimagine EN hit; table EN=14 JP=0
200000	初心者ゾーン	Beginner's Zone	Shield/CEventMessageData	medium	Reimagine EN hit; table EN=4 JP=0
200006	初心者ゾーン	Beginner's Zone	Shield/CEventMessageData	medium	Reimagine EN hit; table EN=4 JP=0
200205	初心者ゾーン	Beginner's Zone	Shield/CEventMessageData	medium	Reimagine EN hit; table EN=4 JP=0
162	デビルバスター	Demon Buster	Shield/CEventMessageData	high	Reimagine EN hit; table EN=171 JP=51
179	デビルバスター	Demon Buster	Shield/CEventMessageData	high	Reimagine EN hit; table EN=171 JP=51
205	デビルバスター	Demon Buster	Shield/CEventMessageData	high	Reimagine EN hit; table EN=171 JP=51
1165700	デビルバスター	Demon Buster	Shield/CEventMessageData2	high	Reimagine EN hit; table EN=47 JP=45
150292	デビルバスター	Demon Buster	Shield/CEventMessageData2	high	Reimagine EN hit; table EN=47 JP=45
151036	デビルバスター	Demon Buster	Shield/CEventMessageData2	high	Reimagine EN hit; table EN=47 JP=45
309	交渉	Negotiation	Shield/CEventMessageData	high	Reimagine EN hit; table EN=12 JP=21
100245	交渉	Negotiation	Shield/CEventMessageData	high	Reimagine EN hit; table EN=12 JP=21
100246	交渉	Negotiation	Shield/CEventMessageData	high	Reimagine EN hit; table EN=12 JP=21
35	COMP	COMP	Shield/CEventMessageData	high	Reimagine EN hit; table EN=153 JP=153
48	COMP	COMP	Shield/CEventMessageData	high	Reimagine EN hit; table EN=153 JP=153
80	COMP	COMP	Shield/CEventMessageData	high	Reimagine EN hit; table EN=153 JP=153
1169005	COMP	COMP	Shield/CEventMessageData2	high	Reimagine EN hit; table EN=68 JP=68
1169008	COMP	COMP	Shield/CEventMessageData2	high	Reimagine EN hit; table EN=68 JP=68
1169010	COMP	COMP	Shield/CEventMessageData2	high	Reimagine EN hit; table EN=68 JP=68
30	悪魔	Demon	Shield/CEventMessageData	high	Reimagine EN hit; table EN=455 JP=308
87	悪魔	Demon	Shield/CEventMessageData	high	Reimagine EN hit; table EN=455 JP=308
114	悪魔	Demon	Shield/CEventMessageData	high	Reimagine EN hit; table EN=455 JP=308
1051045	悪魔	Demon	Shield/CEventMessageData2	high	Reimagine EN hit; table EN=360 JP=463
1156512	悪魔	Demon	Shield/CEventMessageData2	high	Reimagine EN hit; table EN=360 JP=463
1156533	悪魔	Demon	Shield/CEventMessageData2	high	Reimagine EN hit; table EN=360 JP=463
447	東京	Tokyo	Shield/CEventMessageData	high	Reimagine EN hit; table EN=33 JP=1
3922	東京	Tokyo	Shield/CEventMessageData	high	Reimagine EN hit; table EN=33 JP=1
4009	東京	Tokyo	Shield/CEventMessageData	high	Reimagine EN hit; table EN=33 JP=1
206054	東京	Tokyo	Shield/CEventMessageData2	medium	Reimagine EN hit; table EN=16 JP=0
217004	東京	Tokyo	Shield/CEventMessageData2	medium	Reimagine EN hit; table EN=16 JP=0
350418	東京	Tokyo	Shield/CEventMessageData2	medium	Reimagine EN hit; table EN=16 JP=0
130700	ゴールデンアップル	Golden Apple	Shield/CEventMessageData	medium	Reimagine EN hit; table EN=10 JP=0
130710	ゴールデンアップル	Golden Apple	Shield/CEventMessageData	medium	Reimagine EN hit; table EN=10 JP=0
130747	ゴールデンアップル	Golden Apple	Shield/CEventMessageData	medium	Reimagine EN hit; table EN=10 JP=0
1188700	ゴールデンアップル	Golden Apple	Shield/CEventMessageData2	medium	Reimagine EN hit; table EN=3 JP=0
1188710	ゴールデンアップル	Golden Apple	Shield/CEventMessageData2	medium	Reimagine EN hit; table EN=3 JP=0
12000007	ゴールデンアップル	Golden Apple	Shield/CEventMessageData2	medium	Reimagine EN hit; table EN=3 JP=0
130700	マジックゴールデンアップル	Magical Golden Apple	Shield/CEventMessageData	medium	Reimagine EN hit; table EN=9 JP=0
130747	マジックゴールデンアップル	Magical Golden Apple	Shield/CEventMessageData	medium	Reimagine EN hit; table EN=9 JP=0
130748	マジックゴールデンアップル	Magical Golden Apple	Shield/CEventMessageData	medium	Reimagine EN hit; table EN=9 JP=0
1188700	マジックゴールデンアップル	Magical Golden Apple	Shield/CEventMessageData2	medium	Reimagine EN hit; table EN=2 JP=0
12000007	マジックゴールデンアップル	Magical Golden Apple	Shield/CEventMessageData2	medium	Reimagine EN hit; table EN=2 JP=0
699	マッカ紙幣	Paper Currency (50,000 Macca)	Shield/CItemData	high	name field; expected EN≈Macca Note
27375	マグ圧縮機	MAG Presser α	Shield/CItemData	high	name field; expected EN≈Mag Presser
21941	マジックゴールデンアップル	Magical Golden Apple	Shield/CItemData	high	name field; expected EN≈Magical Golden Apple
